Index,x1,x2,x3,x4,x5,y
0,|['1', '-0.362948', '-1.320339', '2.871917', '-2.414415', '-0.216239', '?']|,|['2', '0.25717', '0.749144', '1.935534', '0.403116', '-0.261486', '?']|,|['3', '0.674156', '0.171398', '1.49777', '-0.324638', '0.032498', '?']|,|['4', '-0.341077', '0.555523', '1.303567', '-0.167549', '1.121396', '?']|,|['5', '-0.8284', '2.110397', '1.49737', '0.984645', '-0.10747', '?']|,|['6', '-0.651267', '-0.054885', '0.845191', '-0.345409', '1.497724', '?']|,1
1,|['1', '-0.362948', '-1.320339', '2.871917', '-2.414415', '-0.216239', '?']|,|['2', '0.25717', '0.749144', '1.935534', '0.403116', '-0.261486', '?']|,|['3', '0.674156', '0.171398', '1.49777', '-0.324638', '0.032498', '?']|,|['4', '-0.341077', '0.555523', '1.303567', '-0.167549', '1.121396', '?']|,|['5', '-0.8284', '2.110397', '1.49737', '0.984645', '-0.10747', '?']|,|['6', '-0.651267', '-0.054885', '0.845191', '-0.345409', '1.497724', '?']|,1
2,|['1', '-0.362948', '-1.320339', '2.871917', '-2.414415', '-0.216239', '?']|,|['2', '0.25717', '0.749144', '1.935534', '0.403116', '-0.261486', '?']|,|['3', '0.674156', '0.171398', '1.49777', '-0.324638', '0.032498', '?']|,|['4', '-0.341077', '0.555523', '1.303567', '-0.167549', '1.121396', '?']|,|['5', '-0.8284', '2.110397', '1.49737', '0.984645', '-0.10747', '?']|,|['6', '-0.651267', '-0.054885', '0.845191', '-0.345409', '1.497724', '?']|,1
3,|['1', '-0.362948', '-1.320339', '2.871917', '-2.414415', '-0.216239', '?']|,|['2', '0.25717', '0.749144', '1.935534', '0.403116', '-0.261486', '?']|,|['3', '0.674156', '0.171398', '1.49777', '-0.324638', '0.032498', '?']|,|['4', '-0.341077', '0.555523', '1.303567', '-0.167549', '1.121396', '?']|,|['5', '-0.8284', '2.110397', '1.49737', '0.984645', '-0.10747', '?']|,|['6', '-0.651267', '-0.054885', '0.845191', '-0.345409', '1.497724', '?']|,1
4,|['1', '-0.362948', '-1.320339', '2.871917', '-2.414415', '-0.216239', '?']|,|['2', '0.25717', '0.749144', '1.935534', '0.403116', '-0.261486', '?']|,|['3', '0.674156', '0.171398', '1.49777', '-0.324638', '0.032498', '?']|,|['4', '-0.341077', '0.555523', '1.303567', '-0.167549', '1.121396', '?']|,|['5', '-0.8284', '2.110397', '1.49737', '0.984645', '-0.10747', '?']|,|['6', '-0.651267', '-0.054885', '0.845191', '-0.345409', '1.497724', '?']|,1
5,|['1', '-0.362948', '-1.320339', '2.871917', '-2.414415', '-0.216239', '?']|,|['2', '0.25717', '0.749144', '1.935534', '0.403116', '-0.261486', '?']|,|['3', '0.674156', '0.171398', '1.49777', '-0.324638', '0.032498', '?']|,|['4', '-0.341077', '0.555523', '1.303567', '-0.167549', '1.121396', '?']|,|['5', '-0.8284', '2.110397', '1.49737', '0.984645', '-0.10747', '?']|,|['6', '-0.651267', '-0.054885', '0.845191', '-0.345409', '1.497724', '?']|,1
6,|['1', '-0.362948', '-1.320339', '2.871917', '-2.414415', '-0.216239', '?']|,|['2', '0.25717', '0.749144', '1.935534', '0.403116', '-0.261486', '?']|,|['3', '0.674156', '0.171398', '1.49777', '-0.324638', '0.032498', '?']|,|['4', '-0.341077', '0.555523', '1.303567', '-0.167549', '1.121396', '?']|,|['5', '-0.8284', '2.110397', '1.49737', '0.984645', '-0.10747', '?']|,|['6', '-0.651267', '-0.054885', '0.845191', '-0.345409', '1.497724', '?']|,1
7,|['1', '-0.362948', '-1.320339', '2.871917', '-2.414415', '-0.216239', '?']|,|['2', '0.25717', '0.749144', '1.935534', '0.403116', '-0.261486', '?']|,|['3', '0.674156', '0.171398', '1.49777', '-0.324638', '0.032498', '?']|,|['4', '-0.341077', '0.555523', '1.303567', '-0.167549', '1.121396', '?']|,|['5', '-0.8284', '2.110397', '1.49737', '0.984645', '-0.10747', '?']|,|['6', '-0.651267', '-0.054885', '0.845191', '-0.345409', '1.497724', '?']|,1
8,|['1', '-0.362948', '-1.320339', '2.871917', '-2.414415', '-0.216239', '?']|,|['2', '0.25717', '0.749144', '1.935534', '0.403116', '-0.261486', '?']|,|['3', '0.674156', '0.171398', '1.49777', '-0.324638', '0.032498', '?']|,|['4', '-0.341077', '0.555523', '1.303567', '-0.167549', '1.121396', '?']|,|['5', '-0.8284', '2.110397', '1.49737', '0.984645', '-0.10747', '?']|,|['6', '-0.651267', '-0.054885', '0.845191', '-0.345409', '1.497724', '?']|,1
9,|['1', '-0.362948', '-1.320339', '2.871917', '-2.414415', '-0.216239', '?']|,|['2', '0.25717', '0.749144', '1.935534', '0.403116', '-0.261486', '?']|,|['3', '0.674156', '0.171398', '1.49777', '-0.324638', '0.032498', '?']|,|['4', '-0.341077', '0.555523', '1.303567', '-0.167549', '1.121396', '?']|,|['5', '-0.8284', '2.110397', '1.49737', '0.984645', '-0.10747', '?']|,|['6', '-0.651267', '-0.054885', '0.845191', '-0.345409', '1.497724', '?']|,1
10,|['1', '-0.362948', '-1.320339', '2.871917', '-2.414415', '-0.216239', '?']|,|['2', '0.25717', '0.749144', '1.935534', '0.403116', '-0.261486', '?']|,|['3', '0.674156', '0.171398', '1.49777', '-0.324638', '0.032498', '?']|,|['4', '-0.341077', '0.555523', '1.303567', '-0.167549', '1.121396', '?']|,|['5', '-0.8284', '2.110397', '1.49737', '0.984645', '-0.10747', '?']|,|['6', '-0.651267', '-0.054885', '0.845191', '-0.345409', '1.497724', '?']|,1
11,|['1', '-0.362948', '-1.320339', '2.871917', '-2.414415', '-0.216239', '?']|,|['2', '0.25717', '0.749144', '1.935534', '0.403116', '-0.261486', '?']|,|['3', '0.674156', '0.171398', '1.49777', '-0.324638', '0.032498', '?']|,|['4', '-0.341077', '0.555523', '1.303567', '-0.167549', '1.121396', '?']|,|['5', '-0.8284', '2.110397', '1.49737', '0.984645', '-0.10747', '?']|,|['6', '-0.651267', '-0.054885', '0.845191', '-0.345409', '1.497724', '?']|,0
12,|['1', '-0.362948', '-1.320339', '2.871917', '-2.414415', '-0.216239', '?']|,|['2', '0.25717', '0.749144', '1.935534', '0.403116', '-0.261486', '?']|,|['3', '0.674156', '0.171398', '1.49777', '-0.324638', '0.032498', '?']|,|['4', '-0.341077', '0.555523', '1.303567', '-0.167549', '1.121396', '?']|,|['5', '-0.8284', '2.110397', '1.49737', '0.984645', '-0.10747', '?']|,|['6', '-0.651267', '-0.054885', '0.845191', '-0.345409', '1.497724', '?']|,1
13,|['1', '-0.362948', '-1.320339', '2.871917', '-2.414415', '-0.216239', '?']|,|['2', '0.25717', '0.749144', '1.935534', '0.403116', '-0.261486', '?']|,|['3', '0.674156', '0.171398', '1.49777', '-0.324638', '0.032498', '?']|,|['4', '-0.341077', '0.555523', '1.303567', '-0.167549', '1.121396', '?']|,|['5', '-0.8284', '2.110397', '1.49737', '0.984645', '-0.10747', '?']|,|['6', '-0.651267', '-0.054885', '0.845191', '-0.345409', '1.497724', '?']|,1
14,|['1', '-0.362948', '-1.320339', '2.871917', '-2.414415', '-0.216239', '?']|,|['2', '0.25717', '0.749144', '1.935534', '0.403116', '-0.261486', '?']|,|['3', '0.674156', '0.171398', '1.49777', '-0.324638', '0.032498', '?']|,|['4', '-0.341077', '0.555523', '1.303567', '-0.167549', '1.121396', '?']|,|['5', '-0.8284', '2.110397', '1.49737', '0.984645', '-0.10747', '?']|,|['6', '-0.651267', '-0.054885', '0.845191', '-0.345409', '1.497724', '?']|,0
15,|['1', '-0.362948', '-1.320339', '2.871917', '-2.414415', '-0.216239', '?']|,|['2', '0.25717', '0.749144', '1.935534', '0.403116', '-0.261486', '?']|,|['3', '0.674156', '0.171398', '1.49777', '-0.324638', '0.032498', '?']|,|['4', '-0.341077', '0.555523', '1.303567', '-0.167549', '1.121396', '?']|,|['5', '-0.8284', '2.110397', '1.49737', '0.984645', '-0.10747', '?']|,|['6', '-0.651267', '-0.054885', '0.845191', '-0.345409', '1.497724', '?']|,1
16,|['1', '-0.362948', '-1.320339', '2.871917', '-2.414415', '-0.216239', '?']|,|['2', '0.25717', '0.749144', '1.935534', '0.403116', '-0.261486', '?']|,|['3', '0.674156', '0.171398', '1.49777', '-0.324638', '0.032498', '?']|,|['4', '-0.341077', '0.555523', '1.303567', '-0.167549', '1.121396', '?']|,|['5', '-0.8284', '2.110397', '1.49737', '0.984645', '-0.10747', '?']|,|['6', '-0.651267', '-0.054885', '0.845191', '-0.345409', '1.497724', '?']|,0
17,|['1', '-0.362948', '-1.320339', '2.871917', '-2.414415', '-0.216239', '?']|,|['2', '0.25717', '0.749144', '1.935534', '0.403116', '-0.261486', '?']|,|['3', '0.674156', '0.171398', '1.49777', '-0.324638', '0.032498', '?']|,|['4', '-0.341077', '0.555523', '1.303567', '-0.167549', '1.121396', '?']|,|['5', '-0.8284', '2.110397', '1.49737', '0.984645', '-0.10747', '?']|,|['6', '-0.651267', '-0.054885', '0.845191', '-0.345409', '1.497724', '?']|,0
18,|['1', '-0.362948', '-1.320339', '2.871917', '-2.414415', '-0.216239', '?']|,|['2', '0.25717', '0.749144', '1.935534', '0.403116', '-0.261486', '?']|,|['3', '0.674156', '0.171398', '1.49777', '-0.324638', '0.032498', '?']|,|['4', '-0.341077', '0.555523', '1.303567', '-0.167549', '1.121396', '?']|,|['5', '-0.8284', '2.110397', '1.49737', '0.984645', '-0.10747', '?']|,|['6', '-0.651267', '-0.054885', '0.845191', '-0.345409', '1.497724', '?']|,0
19,|['1', '-0.362948', '-1.320339', '2.871917', '-2.414415', '-0.216239', '?']|,|['2', '0.25717', '0.749144', '1.935534', '0.403116', '-0.261486', '?']|,|['3', '0.674156', '0.171398', '1.49777', '-0.324638', '0.032498', '?']|,|['4', '-0.341077', '0.555523', '1.303567', '-0.167549', '1.121396', '?']|,|['5', '-0.8284', '2.110397', '1.49737', '0.984645', '-0.10747', '?']|,|['6', '-0.651267', '-0.054885', '0.845191', '-0.345409', '1.497724', '?']|,0
20,|['1', '-0.362948', '-1.320339', '2.871917', '-2.414415', '-0.216239', '?']|,|['2', '0.25717', '0.749144', '1.935534', '0.403116', '-0.261486', '?']|,|['3', '0.674156', '0.171398', '1.49777', '-0.324638', '0.032498', '?']|,|['4', '-0.341077', '0.555523', '1.303567', '-0.167549', '1.121396', '?']|,|['5', '-0.8284', '2.110397', '1.49737', '0.984645', '-0.10747', '?']|,|['6', '-0.651267', '-0.054885', '0.845191', '-0.345409', '1.497724', '?']|,1
21,|['1', '-0.362948', '-1.320339', '2.871917', '-2.414415', '-0.216239', '?']|,|['2', '0.25717', '0.749144', '1.935534', '0.403116', '-0.261486', '?']|,|['3', '0.674156', '0.171398', '1.49777', '-0.324638', '0.032498', '?']|,|['4', '-0.341077', '0.555523', '1.303567', '-0.167549', '1.121396', '?']|,|['5', '-0.8284', '2.110397', '1.49737', '0.984645', '-0.10747', '?']|,|['6', '-0.651267', '-0.054885', '0.845191', '-0.345409', '1.497724', '?']|,0
22,|['1', '-0.362948', '-1.320339', '2.871917', '-2.414415', '-0.216239', '?']|,|['2', '0.25717', '0.749144', '1.935534', '0.403116', '-0.261486', '?']|,|['3', '0.674156', '0.171398', '1.49777', '-0.324638', '0.032498', '?']|,|['4', '-0.341077', '0.555523', '1.303567', '-0.167549', '1.121396', '?']|,|['5', '-0.8284', '2.110397', '1.49737', '0.984645', '-0.10747', '?']|,|['6', '-0.651267', '-0.054885', '0.845191', '-0.345409', '1.497724', '?']|,0
23,|['1', '-0.362948', '-1.320339', '2.871917', '-2.414415', '-0.216239', '?']|,|['2', '0.25717', '0.749144', '1.935534', '0.403116', '-0.261486', '?']|,|['3', '0.674156', '0.171398', '1.49777', '-0.324638', '0.032498', '?']|,|['4', '-0.341077', '0.555523', '1.303567', '-0.167549', '1.121396', '?']|,|['5', '-0.8284', '2.110397', '1.49737', '0.984645', '-0.10747', '?']|,|['6', '-0.651267', '-0.054885', '0.845191', '-0.345409', '1.497724', '?']|,1
24,|['1', '-0.362948', '-1.320339', '2.871917', '-2.414415', '-0.216239', '?']|,|['2', '0.25717', '0.749144', '1.935534', '0.403116', '-0.261486', '?']|,|['3', '0.674156', '0.171398', '1.49777', '-0.324638', '0.032498', '?']|,|['4', '-0.341077', '0.555523', '1.303567', '-0.167549', '1.121396', '?']|,|['5', '-0.8284', '2.110397', '1.49737', '0.984645', '-0.10747', '?']|,|['6', '-0.651267', '-0.054885', '0.845191', '-0.345409', '1.497724', '?']|,1
25,|['1', '-0.362948', '-1.320339', '2.871917', '-2.414415', '-0.216239', '?']|,|['2', '0.25717', '0.749144', '1.935534', '0.403116', '-0.261486', '?']|,|['3', '0.674156', '0.171398', '1.49777', '-0.324638', '0.032498', '?']|,|['4', '-0.341077', '0.555523', '1.303567', '-0.167549', '1.121396', '?']|,|['5', '-0.8284', '2.110397', '1.49737', '0.984645', '-0.10747', '?']|,|['6', '-0.651267', '-0.054885', '0.845191', '-0.345409', '1.497724', '?']|,0
26,|['1', '-0.362948', '-1.320339', '2.871917', '-2.414415', '-0.216239', '?']|,|['2', '0.25717', '0.749144', '1.935534', '0.403116', '-0.261486', '?']|,|['3', '0.674156', '0.171398', '1.49777', '-0.324638', '0.032498', '?']|,|['4', '-0.341077', '0.555523', '1.303567', '-0.167549', '1.121396', '?']|,|['5', '-0.8284', '2.110397', '1.49737', '0.984645', '-0.10747', '?']|,|['6', '-0.651267', '-0.054885', '0.845191', '-0.345409', '1.497724', '?']|,0
27,|['1', '-0.362948', '-1.320339', '2.871917', '-2.414415', '-0.216239', '?']|,|['2', '0.25717', '0.749144', '1.935534', '0.403116', '-0.261486', '?']|,|['3', '0.674156', '0.171398', '1.49777', '-0.324638', '0.032498', '?']|,|['4', '-0.341077', '0.555523', '1.303567', '-0.167549', '1.121396', '?']|,|['5', '-0.8284', '2.110397', '1.49737', '0.984645', '-0.10747', '?']|,|['6', '-0.651267', '-0.054885', '0.845191', '-0.345409', '1.497724', '?']|,0
28,|['1', '-0.362948', '-1.320339', '2.871917', '-2.414415', '-0.216239', '?']|,|['2', '0.25717', '0.749144', '1.935534', '0.403116', '-0.261486', '?']|,|['3', '0.674156', '0.171398', '1.49777', '-0.324638', '0.032498', '?']|,|['4', '-0.341077', '0.555523', '1.303567', '-0.167549', '1.121396', '?']|,|['5', '-0.8284', '2.110397', '1.49737', '0.984645', '-0.10747', '?']|,|['6', '-0.651267', '-0.054885', '0.845191', '-0.345409', '1.497724', '?']|,1
29,|['1', '-0.362948', '-1.320339', '2.871917', '-2.414415', '-0.216239', '?']|,|['2', '0.25717', '0.749144', '1.935534', '0.403116', '-0.261486', '?']|,|['3', '0.674156', '0.171398', '1.49777', '-0.324638', '0.032498', '?']|,|['4', '-0.341077', '0.555523', '1.303567', '-0.167549', '1.121396', '?']|,|['5', '-0.8284', '2.110397', '1.49737', '0.984645', '-0.10747', '?']|,|['6', '-0.651267', '-0.054885', '0.845191', '-0.345409', '1.497724', '?']|,0
30,|['1', '-0.362948', '-1.320339', '2.871917', '-2.414415', '-0.216239', '?']|,|['2', '0.25717', '0.749144', '1.935534', '0.403116', '-0.261486', '?']|,|['3', '0.674156', '0.171398', '1.49777', '-0.324638', '0.032498', '?']|,|['4', '-0.341077', '0.555523', '1.303567', '-0.167549', '1.121396', '?']|,|['5', '-0.8284', '2.110397', '1.49737', '0.984645', '-0.10747', '?']|,|['6', '-0.651267', '-0.054885', '0.845191', '-0.345409', '1.497724', '?']|,0
31,|['1', '-0.362948', '-1.320339', '2.871917', '-2.414415', '-0.216239', '?']|,|['2', '0.25717', '0.749144', '1.935534', '0.403116', '-0.261486', '?']|,|['3', '0.674156', '0.171398', '1.49777', '-0.324638', '0.032498', '?']|,|['4', '-0.341077', '0.555523', '1.303567', '-0.167549', '1.121396', '?']|,|['5', '-0.8284', '2.110397', '1.49737', '0.984645', '-0.10747', '?']|,|['6', '-0.651267', '-0.054885', '0.845191', '-0.345409', '1.497724', '?']|,1
32,|['1', '-0.362948', '-1.320339', '2.871917', '-2.414415', '-0.216239', '?']|,|['2', '0.25717', '0.749144', '1.935534', '0.403116', '-0.261486', '?']|,|['3', '0.674156', '0.171398', '1.49777', '-0.324638', '0.032498', '?']|,|['4', '-0.341077', '0.555523', '1.303567', '-0.167549', '1.121396', '?']|,|['5', '-0.8284', '2.110397', '1.49737', '0.984645', '-0.10747', '?']|,|['6', '-0.651267', '-0.054885', '0.845191', '-0.345409', '1.497724', '?']|,0
33,|['1', '-0.362948', '-1.320339', '2.871917', '-2.414415', '-0.216239', '?']|,|['2', '0.25717', '0.749144', '1.935534', '0.403116', '-0.261486', '?']|,|['3', '0.674156', '0.171398', '1.49777', '-0.324638', '0.032498', '?']|,|['4', '-0.341077', '0.555523', '1.303567', '-0.167549', '1.121396', '?']|,|['5', '-0.8284', '2.110397', '1.49737', '0.984645', '-0.10747', '?']|,|['6', '-0.651267', '-0.054885', '0.845191', '-0.345409', '1.497724', '?']|,1
34,|['1', '-0.362948', '-1.320339', '2.871917', '-2.414415', '-0.216239', '?']|,|['2', '0.25717', '0.749144', '1.935534', '0.403116', '-0.261486', '?']|,|['3', '0.674156', '0.171398', '1.49777', '-0.324638', '0.032498', '?']|,|['4', '-0.341077', '0.555523', '1.303567', '-0.167549', '1.121396', '?']|,|['5', '-0.8284', '2.110397', '1.49737', '0.984645', '-0.10747', '?']|,|['6', '-0.651267', '-0.054885', '0.845191', '-0.345409', '1.497724', '?']|,1
35,|['1', '-0.362948', '-1.320339', '2.871917', '-2.414415', '-0.216239', '?']|,|['2', '0.25717', '0.749144', '1.935534', '0.403116', '-0.261486', '?']|,|['3', '0.674156', '0.171398', '1.49777', '-0.324638', '0.032498', '?']|,|['4', '-0.341077', '0.555523', '1.303567', '-0.167549', '1.121396', '?']|,|['5', '-0.8284', '2.110397', '1.49737', '0.984645', '-0.10747', '?']|,|['6', '-0.651267', '-0.054885', '0.845191', '-0.345409', '1.497724', '?']|,1
36,|['1', '-0.362948', '-1.320339', '2.871917', '-2.414415', '-0.216239', '?']|,|['2', '0.25717', '0.749144', '1.935534', '0.403116', '-0.261486', '?']|,|['3', '0.674156', '0.171398', '1.49777', '-0.324638', '0.032498', '?']|,|['4', '-0.341077', '0.555523', '1.303567', '-0.167549', '1.121396', '?']|,|['5', '-0.8284', '2.110397', '1.49737', '0.984645', '-0.10747', '?']|,|['6', '-0.651267', '-0.054885', '0.845191', '-0.345409', '1.497724', '?']|,1
37,|['1', '-0.362948', '-1.320339', '2.871917', '-2.414415', '-0.216239', '?']|,|['2', '0.25717', '0.749144', '1.935534', '0.403116', '-0.261486', '?']|,|['3', '0.674156', '0.171398', '1.49777', '-0.324638', '0.032498', '?']|,|['4', '-0.341077', '0.555523', '1.303567', '-0.167549', '1.121396', '?']|,|['5', '-0.8284', '2.110397', '1.49737', '0.984645', '-0.10747', '?']|,|['6', '-0.651267', '-0.054885', '0.845191', '-0.345409', '1.497724', '?']|,1
38,|['1', '-0.362948', '-1.320339', '2.871917', '-2.414415', '-0.216239', '?']|,|['2', '0.25717', '0.749144', '1.935534', '0.403116', '-0.261486', '?']|,|['3', '0.674156', '0.171398', '1.49777', '-0.324638', '0.032498', '?']|,|['4', '-0.341077', '0.555523', '1.303567', '-0.167549', '1.121396', '?']|,|['5', '-0.8284', '2.110397', '1.49737', '0.984645', '-0.10747', '?']|,|['6', '-0.651267', '-0.054885', '0.845191', '-0.345409', '1.497724', '?']|,0
39,|['1', '-0.362948', '-1.320339', '2.871917', '-2.414415', '-0.216239', '?']|,|['2', '0.25717', '0.749144', '1.935534', '0.403116', '-0.261486', '?']|,|['3', '0.674156', '0.171398', '1.49777', '-0.324638', '0.032498', '?']|,|['4', '-0.341077', '0.555523', '1.303567', '-0.167549', '1.121396', '?']|,|['5', '-0.8284', '2.110397', '1.49737', '0.984645', '-0.10747', '?']|,|['6', '-0.651267', '-0.054885', '0.845191', '-0.345409', '1.497724', '?']|,1
40,|['1', '-0.362948', '-1.320339', '2.871917', '-2.414415', '-0.216239', '?']|,|['2', '0.25717', '0.749144', '1.935534', '0.403116', '-0.261486', '?']|,|['3', '0.674156', '0.171398', '1.49777', '-0.324638', '0.032498', '?']|,|['4', '-0.341077', '0.555523', '1.303567', '-0.167549', '1.121396', '?']|,|['5', '-0.8284', '2.110397', '1.49737', '0.984645', '-0.10747', '?']|,|['6', '-0.651267', '-0.054885', '0.845191', '-0.345409', '1.497724', '?']|,0
41,|['1', '-0.362948', '-1.320339', '2.871917', '-2.414415', '-0.216239', '?']|,|['2', '0.25717', '0.749144', '1.935534', '0.403116', '-0.261486', '?']|,|['3', '0.674156', '0.171398', '1.49777', '-0.324638', '0.032498', '?']|,|['4', '-0.341077', '0.555523', '1.303567', '-0.167549', '1.121396', '?']|,|['5', '-0.8284', '2.110397', '1.49737', '0.984645', '-0.10747', '?']|,|['6', '-0.651267', '-0.054885', '0.845191', '-0.345409', '1.497724', '?']|,0
42,|['1', '-0.362948', '-1.320339', '2.871917', '-2.414415', '-0.216239', '?']|,|['2', '0.25717', '0.749144', '1.935534', '0.403116', '-0.261486', '?']|,|['3', '0.674156', '0.171398', '1.49777', '-0.324638', '0.032498', '?']|,|['4', '-0.341077', '0.555523', '1.303567', '-0.167549', '1.121396', '?']|,|['5', '-0.8284', '2.110397', '1.49737', '0.984645', '-0.10747', '?']|,|['6', '-0.651267', '-0.054885', '0.845191', '-0.345409', '1.497724', '?']|,2
43,|['1', '-0.362948', '-1.320339', '2.871917', '-2.414415', '-0.216239', '?']|,|['2', '0.25717', '0.749144', '1.935534', '0.403116', '-0.261486', '?']|,|['3', '0.674156', '0.171398', '1.49777', '-0.324638', '0.032498', '?']|,|['4', '-0.341077', '0.555523', '1.303567', '-0.167549', '1.121396', '?']|,|['5', '-0.8284', '2.110397', '1.49737', '0.984645', '-0.10747', '?']|,|['6', '-0.651267', '-0.054885', '0.845191', '-0.345409', '1.497724', '?']|,0
44,|['1', '-0.362948', '-1.320339', '2.871917', '-2.414415', '-0.216239', '?']|,|['2', '0.25717', '0.749144', '1.935534', '0.403116', '-0.261486', '?']|,|['3', '0.674156', '0.171398', '1.49777', '-0.324638', '0.032498', '?']|,|['4', '-0.341077', '0.555523', '1.303567', '-0.167549', '1.121396', '?']|,|['5', '-0.8284', '2.110397', '1.49737', '0.984645', '-0.10747', '?']|,|['6', '-0.651267', '-0.054885', '0.845191', '-0.345409', '1.497724', '?']|,0
45,|['1', '-0.362948', '-1.320339', '2.871917', '-2.414415', '-0.216239', '?']|,|['2', '0.25717', '0.749144', '1.935534', '0.403116', '-0.261486', '?']|,|['3', '0.674156', '0.171398', '1.49777', '-0.324638', '0.032498', '?']|,|['4', '-0.341077', '0.555523', '1.303567', '-0.167549', '1.121396', '?']|,|['5', '-0.8284', '2.110397', '1.49737', '0.984645', '-0.10747', '?']|,|['6', '-0.651267', '-0.054885', '0.845191', '-0.345409', '1.497724', '?']|,2
46,|['1', '-0.362948', '-1.320339', '2.871917', '-2.414415', '-0.216239', '?']|,|['2', '0.25717', '0.749144', '1.935534', '0.403116', '-0.261486', '?']|,|['3', '0.674156', '0.171398', '1.49777', '-0.324638', '0.032498', '?']|,|['4', '-0.341077', '0.555523', '1.303567', '-0.167549', '1.121396', '?']|,|['5', '-0.8284', '2.110397', '1.49737', '0.984645', '-0.10747', '?']|,|['6', '-0.651267', '-0.054885', '0.845191', '-0.345409', '1.497724', '?']|,0
47,|['1', '-0.362948', '-1.320339', '2.871917', '-2.414415', '-0.216239', '?']|,|['2', '0.25717', '0.749144', '1.935534', '0.403116', '-0.261486', '?']|,|['3', '0.674156', '0.171398', '1.49777', '-0.324638', '0.032498', '?']|,|['4', '-0.341077', '0.555523', '1.303567', '-0.167549', '1.121396', '?']|,|['5', '-0.8284', '2.110397', '1.49737', '0.984645', '-0.10747', '?']|,|['6', '-0.651267', '-0.054885', '0.845191', '-0.345409', '1.497724', '?']|,1
48,|['1', '-0.362948', '-1.320339', '2.871917', '-2.414415', '-0.216239', '?']|,|['2', '0.25717', '0.749144', '1.935534', '0.403116', '-0.261486', '?']|,|['3', '0.674156', '0.171398', '1.49777', '-0.324638', '0.032498', '?']|,|['4', '-0.341077', '0.555523', '1.303567', '-0.167549', '1.121396', '?']|,|['5', '-0.8284', '2.110397', '1.49737', '0.984645', '-0.10747', '?']|,|['6', '-0.651267', '-0.054885', '0.845191', '-0.345409', '1.497724', '?']|,0
49,|['1', '-0.362948', '-1.320339', '2.871917', '-2.414415', '-0.216239', '?']|,|['2', '0.25717', '0.749144', '1.935534', '0.403116', '-0.261486', '?']|,|['3', '0.674156', '0.171398', '1.49777', '-0.324638', '0.032498', '?']|,|['4', '-0.341077', '0.555523', '1.303567', '-0.167549', '1.121396', '?']|,|['5', '-0.8284', '2.110397', '1.49737', '0.984645', '-0.10747', '?']|,|['6', '-0.651267', '-0.054885', '0.845191', '-0.345409', '1.497724', '?']|,1
50,|['1', '-0.362948', '-1.320339', '2.871917', '-2.414415', '-0.216239', '?']|,|['2', '0.25717', '0.749144', '1.935534', '0.403116', '-0.261486', '?']|,|['3', '0.674156', '0.171398', '1.49777', '-0.324638', '0.032498', '?']|,|['4', '-0.341077', '0.555523', '1.303567', '-0.167549', '1.121396', '?']|,|['5', '-0.8284', '2.110397', '1.49737', '0.984645', '-0.10747', '?']|,|['6', '-0.651267', '-0.054885', '0.845191', '-0.345409', '1.497724', '?']|,1
51,|['1', '-0.362948', '-1.320339', '2.871917', '-2.414415', '-0.216239', '?']|,|['2', '0.25717', '0.749144', '1.935534', '0.403116', '-0.261486', '?']|,|['3', '0.674156', '0.171398', '1.49777', '-0.324638', '0.032498', '?']|,|['4', '-0.341077', '0.555523', '1.303567', '-0.167549', '1.121396', '?']|,|['5', '-0.8284', '2.110397', '1.49737', '0.984645', '-0.10747', '?']|,|['6', '-0.651267', '-0.054885', '0.845191', '-0.345409', '1.497724', '?']|,1
52,|['1', '-0.362948', '-1.320339', '2.871917', '-2.414415', '-0.216239', '?']|,|['2', '0.25717', '0.749144', '1.935534', '0.403116', '-0.261486', '?']|,|['3', '0.674156', '0.171398', '1.49777', '-0.324638', '0.032498', '?']|,|['4', '-0.341077', '0.555523', '1.303567', '-0.167549', '1.121396', '?']|,|['5', '-0.8284', '2.110397', '1.49737', '0.984645', '-0.10747', '?']|,|['6', '-0.651267', '-0.054885', '0.845191', '-0.345409', '1.497724', '?']|,0
53,|['1', '-0.362948', '-1.320339', '2.871917', '-2.414415', '-0.216239', '?']|,|['2', '0.25717', '0.749144', '1.935534', '0.403116', '-0.261486', '?']|,|['3', '0.674156', '0.171398', '1.49777', '-0.324638', '0.032498', '?']|,|['4', '-0.341077', '0.555523', '1.303567', '-0.167549', '1.121396', '?']|,|['5', '-0.8284', '2.110397', '1.49737', '0.984645', '-0.10747', '?']|,|['6', '-0.651267', '-0.054885', '0.845191', '-0.345409', '1.497724', '?']|,1
54,|['1', '-0.362948', '-1.320339', '2.871917', '-2.414415', '-0.216239', '?']|,|['2', '0.25717', '0.749144', '1.935534', '0.403116', '-0.261486', '?']|,|['3', '0.674156', '0.171398', '1.49777', '-0.324638', '0.032498', '?']|,|['4', '-0.341077', '0.555523', '1.303567', '-0.167549', '1.121396', '?']|,|['5', '-0.8284', '2.110397', '1.49737', '0.984645', '-0.10747', '?']|,|['6', '-0.651267', '-0.054885', '0.845191', '-0.345409', '1.497724', '?']|,1
55,|['1', '-0.362948', '-1.320339', '2.871917', '-2.414415', '-0.216239', '?']|,|['2', '0.25717', '0.749144', '1.935534', '0.403116', '-0.261486', '?']|,|['3', '0.674156', '0.171398', '1.49777', '-0.324638', '0.032498', '?']|,|['4', '-0.341077', '0.555523', '1.303567', '-0.167549', '1.121396', '?']|,|['5', '-0.8284', '2.110397', '1.49737', '0.984645', '-0.10747', '?']|,|['6', '-0.651267', '-0.054885', '0.845191', '-0.345409', '1.497724', '?']|,3
56,|['1', '-0.362948', '-1.320339', '2.871917', '-2.414415', '-0.216239', '?']|,|['2', '0.25717', '0.749144', '1.935534', '0.403116', '-0.261486', '?']|,|['3', '0.674156', '0.171398', '1.49777', '-0.324638', '0.032498', '?']|,|['4', '-0.341077', '0.555523', '1.303567', '-0.167549', '1.121396', '?']|,|['5', '-0.8284', '2.110397', '1.49737', '0.984645', '-0.10747', '?']|,|['6', '-0.651267', '-0.054885', '0.845191', '-0.345409', '1.497724', '?']|,1
57,|['1', '-0.362948', '-1.320339', '2.871917', '-2.414415', '-0.216239', '?']|,|['2', '0.25717', '0.749144', '1.935534', '0.403116', '-0.261486', '?']|,|['3', '0.674156', '0.171398', '1.49777', '-0.324638', '0.032498', '?']|,|['4', '-0.341077', '0.555523', '1.303567', '-0.167549', '1.121396', '?']|,|['5', '-0.8284', '2.110397', '1.49737', '0.984645', '-0.10747', '?']|,|['6', '-0.651267', '-0.054885', '0.845191', '-0.345409', '1.497724', '?']|,1
58,|['1', '-0.362948', '-1.320339', '2.871917', '-2.414415', '-0.216239', '?']|,|['2', '0.25717', '0.749144', '1.935534', '0.403116', '-0.261486', '?']|,|['3', '0.674156', '0.171398', '1.49777', '-0.324638', '0.032498', '?']|,|['4', '-0.341077', '0.555523', '1.303567', '-0.167549', '1.121396', '?']|,|['5', '-0.8284', '2.110397', '1.49737', '0.984645', '-0.10747', '?']|,|['6', '-0.651267', '-0.054885', '0.845191', '-0.345409', '1.497724', '?']|,1
59,|['1', '-0.362948', '-1.320339', '2.871917', '-2.414415', '-0.216239', '?']|,|['2', '0.25717', '0.749144', '1.935534', '0.403116', '-0.261486', '?']|,|['3', '0.674156', '0.171398', '1.49777', '-0.324638', '0.032498', '?']|,|['4', '-0.341077', '0.555523', '1.303567', '-0.167549', '1.121396', '?']|,|['5', '-0.8284', '2.110397', '1.49737', '0.984645', '-0.10747', '?']|,|['6', '-0.651267', '-0.054885', '0.845191', '-0.345409', '1.497724', '?']|,1
60,|['1', '-0.362948', '-1.320339', '2.871917', '-2.414415', '-0.216239', '?']|,|['2', '0.25717', '0.749144', '1.935534', '0.403116', '-0.261486', '?']|,|['3', '0.674156', '0.171398', '1.49777', '-0.324638', '0.032498', '?']|,|['4', '-0.341077', '0.555523', '1.303567', '-0.167549', '1.121396', '?']|,|['5', '-0.8284', '2.110397', '1.49737', '0.984645', '-0.10747', '?']|,|['6', '-0.651267', '-0.054885', '0.845191', '-0.345409', '1.497724', '?']|,1
61,|['1', '-0.362948', '-1.320339', '2.871917', '-2.414415', '-0.216239', '?']|,|['2', '0.25717', '0.749144', '1.935534', '0.403116', '-0.261486', '?']|,|['3', '0.674156', '0.171398', '1.49777', '-0.324638', '0.032498', '?']|,|['4', '-0.341077', '0.555523', '1.303567', '-0.167549', '1.121396', '?']|,|['5', '-0.8284', '2.110397', '1.49737', '0.984645', '-0.10747', '?']|,|['6', '-0.651267', '-0.054885', '0.845191', '-0.345409', '1.497724', '?']|,1
62,|['1', '-0.362948', '-1.320339', '2.871917', '-2.414415', '-0.216239', '?']|,|['2', '0.25717', '0.749144', '1.935534', '0.403116', '-0.261486', '?']|,|['3', '0.674156', '0.171398', '1.49777', '-0.324638', '0.032498', '?']|,|['4', '-0.341077', '0.555523', '1.303567', '-0.167549', '1.121396', '?']|,|['5', '-0.8284', '2.110397', '1.49737', '0.984645', '-0.10747', '?']|,|['6', '-0.651267', '-0.054885', '0.845191', '-0.345409', '1.497724', '?']|,1
63,|['1', '-0.362948', '-1.320339', '2.871917', '-2.414415', '-0.216239', '?']|,|['2', '0.25717', '0.749144', '1.935534', '0.403116', '-0.261486', '?']|,|['3', '0.674156', '0.171398', '1.49777', '-0.324638', '0.032498', '?']|,|['4', '-0.341077', '0.555523', '1.303567', '-0.167549', '1.121396', '?']|,|['5', '-0.8284', '2.110397', '1.49737', '0.984645', '-0.10747', '?']|,|['6', '-0.651267', '-0.054885', '0.845191', '-0.345409', '1.497724', '?']|,1
64,|['1', '-0.362948', '-1.320339', '2.871917', '-2.414415', '-0.216239', '?']|,|['2', '0.25717', '0.749144', '1.935534', '0.403116', '-0.261486', '?']|,|['3', '0.674156', '0.171398', '1.49777', '-0.324638', '0.032498', '?']|,|['4', '-0.341077', '0.555523', '1.303567', '-0.167549', '1.121396', '?']|,|['5', '-0.8284', '2.110397', '1.49737', '0.984645', '-0.10747', '?']|,|['6', '-0.651267', '-0.054885', '0.845191', '-0.345409', '1.497724', '?']|,0
65,|['1', '-0.362948', '-1.320339', '2.871917', '-2.414415', '-0.216239', '?']|,|['2', '0.25717', '0.749144', '1.935534', '0.403116', '-0.261486', '?']|,|['3', '0.674156', '0.171398', '1.49777', '-0.324638', '0.032498', '?']|,|['4', '-0.341077', '0.555523', '1.303567', '-0.167549', '1.121396', '?']|,|['5', '-0.8284', '2.110397', '1.49737', '0.984645', '-0.10747', '?']|,|['6', '-0.651267', '-0.054885', '0.845191', '-0.345409', '1.497724', '?']|,1
66,|['1', '-0.362948', '-1.320339', '2.871917', '-2.414415', '-0.216239', '?']|,|['2', '0.25717', '0.749144', '1.935534', '0.403116', '-0.261486', '?']|,|['3', '0.674156', '0.171398', '1.49777', '-0.324638', '0.032498', '?']|,|['4', '-0.341077', '0.555523', '1.303567', '-0.167549', '1.121396', '?']|,|['5', '-0.8284', '2.110397', '1.49737', '0.984645', '-0.10747', '?']|,|['6', '-0.651267', '-0.054885', '0.845191', '-0.345409', '1.497724', '?']|,0
67,|['1', '-0.362948', '-1.320339', '2.871917', '-2.414415', '-0.216239', '?']|,|['2', '0.25717', '0.749144', '1.935534', '0.403116', '-0.261486', '?']|,|['3', '0.674156', '0.171398', '1.49777', '-0.324638', '0.032498', '?']|,|['4', '-0.341077', '0.555523', '1.303567', '-0.167549', '1.121396', '?']|,|['5', '-0.8284', '2.110397', '1.49737', '0.984645', '-0.10747', '?']|,|['6', '-0.651267', '-0.054885', '0.845191', '-0.345409', '1.497724', '?']|,1
68,|['1', '-0.362948', '-1.320339', '2.871917', '-2.414415', '-0.216239', '?']|,|['2', '0.25717', '0.749144', '1.935534', '0.403116', '-0.261486', '?']|,|['3', '0.674156', '0.171398', '1.49777', '-0.324638', '0.032498', '?']|,|['4', '-0.341077', '0.555523', '1.303567', '-0.167549', '1.121396', '?']|,|['5', '-0.8284', '2.110397', '1.49737', '0.984645', '-0.10747', '?']|,|['6', '-0.651267', '-0.054885', '0.845191', '-0.345409', '1.497724', '?']|,1
69,|['1', '-0.362948', '-1.320339', '2.871917', '-2.414415', '-0.216239', '?']|,|['2', '0.25717', '0.749144', '1.935534', '0.403116', '-0.261486', '?']|,|['3', '0.674156', '0.171398', '1.49777', '-0.324638', '0.032498', '?']|,|['4', '-0.341077', '0.555523', '1.303567', '-0.167549', '1.121396', '?']|,|['5', '-0.8284', '2.110397', '1.49737', '0.984645', '-0.10747', '?']|,|['6', '-0.651267', '-0.054885', '0.845191', '-0.345409', '1.497724', '?']|,1
70,|['1', '-0.362948', '-1.320339', '2.871917', '-2.414415', '-0.216239', '?']|,|['2', '0.25717', '0.749144', '1.935534', '0.403116', '-0.261486', '?']|,|['3', '0.674156', '0.171398', '1.49777', '-0.324638', '0.032498', '?']|,|['4', '-0.341077', '0.555523', '1.303567', '-0.167549', '1.121396', '?']|,|['5', '-0.8284', '2.110397', '1.49737', '0.984645', '-0.10747', '?']|,|['6', '-0.651267', '-0.054885', '0.845191', '-0.345409', '1.497724', '?']|,0
71,|['1', '-0.362948', '-1.320339', '2.871917', '-2.414415', '-0.216239', '?']|,|['2', '0.25717', '0.749144', '1.935534', '0.403116', '-0.261486', '?']|,|['3', '0.674156', '0.171398', '1.49777', '-0.324638', '0.032498', '?']|,|['4', '-0.341077', '0.555523', '1.303567', '-0.167549', '1.121396', '?']|,|['5', '-0.8284', '2.110397', '1.49737', '0.984645', '-0.10747', '?']|,|['6', '-0.651267', '-0.054885', '0.845191', '-0.345409', '1.497724', '?']|,0
72,|['1', '-0.362948', '-1.320339', '2.871917', '-2.414415', '-0.216239', '?']|,|['2', '0.25717', '0.749144', '1.935534', '0.403116', '-0.261486', '?']|,|['3', '0.674156', '0.171398', '1.49777', '-0.324638', '0.032498', '?']|,|['4', '-0.341077', '0.555523', '1.303567', '-0.167549', '1.121396', '?']|,|['5', '-0.8284', '2.110397', '1.49737', '0.984645', '-0.10747', '?']|,|['6', '-0.651267', '-0.054885', '0.845191', '-0.345409', '1.497724', '?']|,1
73,|['1', '-0.362948', '-1.320339', '2.871917', '-2.414415', '-0.216239', '?']|,|['2', '0.25717', '0.749144', '1.935534', '0.403116', '-0.261486', '?']|,|['3', '0.674156', '0.171398', '1.49777', '-0.324638', '0.032498', '?']|,|['4', '-0.341077', '0.555523', '1.303567', '-0.167549', '1.121396', '?']|,|['5', '-0.8284', '2.110397', '1.49737', '0.984645', '-0.10747', '?']|,|['6', '-0.651267', '-0.054885', '0.845191', '-0.345409', '1.497724', '?']|,1
74,|['1', '-0.362948', '-1.320339', '2.871917', '-2.414415', '-0.216239', '?']|,|['2', '0.25717', '0.749144', '1.935534', '0.403116', '-0.261486', '?']|,|['3', '0.674156', '0.171398', '1.49777', '-0.324638', '0.032498', '?']|,|['4', '-0.341077', '0.555523', '1.303567', '-0.167549', '1.121396', '?']|,|['5', '-0.8284', '2.110397', '1.49737', '0.984645', '-0.10747', '?']|,|['6', '-0.651267', '-0.054885', '0.845191', '-0.345409', '1.497724', '?']|,0
75,|['1', '-0.362948', '-1.320339', '2.871917', '-2.414415', '-0.216239', '?']|,|['2', '0.25717', '0.749144', '1.935534', '0.403116', '-0.261486', '?']|,|['3', '0.674156', '0.171398', '1.49777', '-0.324638', '0.032498', '?']|,|['4', '-0.341077', '0.555523', '1.303567', '-0.167549', '1.121396', '?']|,|['5', '-0.8284', '2.110397', '1.49737', '0.984645', '-0.10747', '?']|,|['6', '-0.651267', '-0.054885', '0.845191', '-0.345409', '1.497724', '?']|,1
76,|['1', '-0.362948', '-1.320339', '2.871917', '-2.414415', '-0.216239', '?']|,|['2', '0.25717', '0.749144', '1.935534', '0.403116', '-0.261486', '?']|,|['3', '0.674156', '0.171398', '1.49777', '-0.324638', '0.032498', '?']|,|['4', '-0.341077', '0.555523', '1.303567', '-0.167549', '1.121396', '?']|,|['5', '-0.8284', '2.110397', '1.49737', '0.984645', '-0.10747', '?']|,|['6', '-0.651267', '-0.054885', '0.845191', '-0.345409', '1.497724', '?']|,0
77,|['1', '-0.362948', '-1.320339', '2.871917', '-2.414415', '-0.216239', '?']|,|['2', '0.25717', '0.749144', '1.935534', '0.403116', '-0.261486', '?']|,|['3', '0.674156', '0.171398', '1.49777', '-0.324638', '0.032498', '?']|,|['4', '-0.341077', '0.555523', '1.303567', '-0.167549', '1.121396', '?']|,|['5', '-0.8284', '2.110397', '1.49737', '0.984645', '-0.10747', '?']|,|['6', '-0.651267', '-0.054885', '0.845191', '-0.345409', '1.497724', '?']|,0
78,|['1', '-0.362948', '-1.320339', '2.871917', '-2.414415', '-0.216239', '?']|,|['2', '0.25717', '0.749144', '1.935534', '0.403116', '-0.261486', '?']|,|['3', '0.674156', '0.171398', '1.49777', '-0.324638', '0.032498', '?']|,|['4', '-0.341077', '0.555523', '1.303567', '-0.167549', '1.121396', '?']|,|['5', '-0.8284', '2.110397', '1.49737', '0.984645', '-0.10747', '?']|,|['6', '-0.651267', '-0.054885', '0.845191', '-0.345409', '1.497724', '?']|,1
79,|['1', '-0.362948', '-1.320339', '2.871917', '-2.414415', '-0.216239', '?']|,|['2', '0.25717', '0.749144', '1.935534', '0.403116', '-0.261486', '?']|,|['3', '0.674156', '0.171398', '1.49777', '-0.324638', '0.032498', '?']|,|['4', '-0.341077', '0.555523', '1.303567', '-0.167549', '1.121396', '?']|,|['5', '-0.8284', '2.110397', '1.49737', '0.984645', '-0.10747', '?']|,|['6', '-0.651267', '-0.054885', '0.845191', '-0.345409', '1.497724', '?']|,1
80,|['1', '-0.362948', '-1.320339', '2.871917', '-2.414415', '-0.216239', '?']|,|['2', '0.25717', '0.749144', '1.935534', '0.403116', '-0.261486', '?']|,|['3', '0.674156', '0.171398', '1.49777', '-0.324638', '0.032498', '?']|,|['4', '-0.341077', '0.555523', '1.303567', '-0.167549', '1.121396', '?']|,|['5', '-0.8284', '2.110397', '1.49737', '0.984645', '-0.10747', '?']|,|['6', '-0.651267', '-0.054885', '0.845191', '-0.345409', '1.497724', '?']|,3
81,|['1', '-0.362948', '-1.320339', '2.871917', '-2.414415', '-0.216239', '?']|,|['2', '0.25717', '0.749144', '1.935534', '0.403116', '-0.261486', '?']|,|['3', '0.674156', '0.171398', '1.49777', '-0.324638', '0.032498', '?']|,|['4', '-0.341077', '0.555523', '1.303567', '-0.167549', '1.121396', '?']|,|['5', '-0.8284', '2.110397', '1.49737', '0.984645', '-0.10747', '?']|,|['6', '-0.651267', '-0.054885', '0.845191', '-0.345409', '1.497724', '?']|,0
82,|['1', '-0.362948', '-1.320339', '2.871917', '-2.414415', '-0.216239', '?']|,|['2', '0.25717', '0.749144', '1.935534', '0.403116', '-0.261486', '?']|,|['3', '0.674156', '0.171398', '1.49777', '-0.324638', '0.032498', '?']|,|['4', '-0.341077', '0.555523', '1.303567', '-0.167549', '1.121396', '?']|,|['5', '-0.8284', '2.110397', '1.49737', '0.984645', '-0.10747', '?']|,|['6', '-0.651267', '-0.054885', '0.845191', '-0.345409', '1.497724', '?']|,0
83,|['1', '-0.362948', '-1.320339', '2.871917', '-2.414415', '-0.216239', '?']|,|['2', '0.25717', '0.749144', '1.935534', '0.403116', '-0.261486', '?']|,|['3', '0.674156', '0.171398', '1.49777', '-0.324638', '0.032498', '?']|,|['4', '-0.341077', '0.555523', '1.303567', '-0.167549', '1.121396', '?']|,|['5', '-0.8284', '2.110397', '1.49737', '0.984645', '-0.10747', '?']|,|['6', '-0.651267', '-0.054885', '0.845191', '-0.345409', '1.497724', '?']|,1
84,|['1', '-0.362948', '-1.320339', '2.871917', '-2.414415', '-0.216239', '?']|,|['2', '0.25717', '0.749144', '1.935534', '0.403116', '-0.261486', '?']|,|['3', '0.674156', '0.171398', '1.49777', '-0.324638', '0.032498', '?']|,|['4', '-0.341077', '0.555523', '1.303567', '-0.167549', '1.121396', '?']|,|['5', '-0.8284', '2.110397', '1.49737', '0.984645', '-0.10747', '?']|,|['6', '-0.651267', '-0.054885', '0.845191', '-0.345409', '1.497724', '?']|,1
85,|['1', '-0.362948', '-1.320339', '2.871917', '-2.414415', '-0.216239', '?']|,|['2', '0.25717', '0.749144', '1.935534', '0.403116', '-0.261486', '?']|,|['3', '0.674156', '0.171398', '1.49777', '-0.324638', '0.032498', '?']|,|['4', '-0.341077', '0.555523', '1.303567', '-0.167549', '1.121396', '?']|,|['5', '-0.8284', '2.110397', '1.49737', '0.984645', '-0.10747', '?']|,|['6', '-0.651267', '-0.054885', '0.845191', '-0.345409', '1.497724', '?']|,1
86,|['1', '-0.362948', '-1.320339', '2.871917', '-2.414415', '-0.216239', '?']|,|['2', '0.25717', '0.749144', '1.935534', '0.403116', '-0.261486', '?']|,|['3', '0.674156', '0.171398', '1.49777', '-0.324638', '0.032498', '?']|,|['4', '-0.341077', '0.555523', '1.303567', '-0.167549', '1.121396', '?']|,|['5', '-0.8284', '2.110397', '1.49737', '0.984645', '-0.10747', '?']|,|['6', '-0.651267', '-0.054885', '0.845191', '-0.345409', '1.497724', '?']|,0
87,|['1', '-0.362948', '-1.320339', '2.871917', '-2.414415', '-0.216239', '?']|,|['2', '0.25717', '0.749144', '1.935534', '0.403116', '-0.261486', '?']|,|['3', '0.674156', '0.171398', '1.49777', '-0.324638', '0.032498', '?']|,|['4', '-0.341077', '0.555523', '1.303567', '-0.167549', '1.121396', '?']|,|['5', '-0.8284', '2.110397', '1.49737', '0.984645', '-0.10747', '?']|,|['6', '-0.651267', '-0.054885', '0.845191', '-0.345409', '1.497724', '?']|,0
88,|['1', '-0.362948', '-1.320339', '2.871917', '-2.414415', '-0.216239', '?']|,|['2', '0.25717', '0.749144', '1.935534', '0.403116', '-0.261486', '?']|,|['3', '0.674156', '0.171398', '1.49777', '-0.324638', '0.032498', '?']|,|['4', '-0.341077', '0.555523', '1.303567', '-0.167549', '1.121396', '?']|,|['5', '-0.8284', '2.110397', '1.49737', '0.984645', '-0.10747', '?']|,|['6', '-0.651267', '-0.054885', '0.845191', '-0.345409', '1.497724', '?']|,0
89,|['1', '-0.362948', '-1.320339', '2.871917', '-2.414415', '-0.216239', '?']|,|['2', '0.25717', '0.749144', '1.935534', '0.403116', '-0.261486', '?']|,|['3', '0.674156', '0.171398', '1.49777', '-0.324638', '0.032498', '?']|,|['4', '-0.341077', '0.555523', '1.303567', '-0.167549', '1.121396', '?']|,|['5', '-0.8284', '2.110397', '1.49737', '0.984645', '-0.10747', '?']|,|['6', '-0.651267', '-0.054885', '0.845191', '-0.345409', '1.497724', '?']|,0
90,|['1', '-0.362948', '-1.320339', '2.871917', '-2.414415', '-0.216239', '?']|,|['2', '0.25717', '0.749144', '1.935534', '0.403116', '-0.261486', '?']|,|['3', '0.674156', '0.171398', '1.49777', '-0.324638', '0.032498', '?']|,|['4', '-0.341077', '0.555523', '1.303567', '-0.167549', '1.121396', '?']|,|['5', '-0.8284', '2.110397', '1.49737', '0.984645', '-0.10747', '?']|,|['6', '-0.651267', '-0.054885', '0.845191', '-0.345409', '1.497724', '?']|,1
91,|['1', '-0.362948', '-1.320339', '2.871917', '-2.414415', '-0.216239', '?']|,|['2', '0.25717', '0.749144', '1.935534', '0.403116', '-0.261486', '?']|,|['3', '0.674156', '0.171398', '1.49777', '-0.324638', '0.032498', '?']|,|['4', '-0.341077', '0.555523', '1.303567', '-0.167549', '1.121396', '?']|,|['5', '-0.8284', '2.110397', '1.49737', '0.984645', '-0.10747', '?']|,|['6', '-0.651267', '-0.054885', '0.845191', '-0.345409', '1.497724', '?']|,3
92,|['1', '-0.362948', '-1.320339', '2.871917', '-2.414415', '-0.216239', '?']|,|['2', '0.25717', '0.749144', '1.935534', '0.403116', '-0.261486', '?']|,|['3', '0.674156', '0.171398', '1.49777', '-0.324638', '0.032498', '?']|,|['4', '-0.341077', '0.555523', '1.303567', '-0.167549', '1.121396', '?']|,|['5', '-0.8284', '2.110397', '1.49737', '0.984645', '-0.10747', '?']|,|['6', '-0.651267', '-0.054885', '0.845191', '-0.345409', '1.497724', '?']|,1
93,|['1', '-0.362948', '-1.320339', '2.871917', '-2.414415', '-0.216239', '?']|,|['2', '0.25717', '0.749144', '1.935534', '0.403116', '-0.261486', '?']|,|['3', '0.674156', '0.171398', '1.49777', '-0.324638', '0.032498', '?']|,|['4', '-0.341077', '0.555523', '1.303567', '-0.167549', '1.121396', '?']|,|['5', '-0.8284', '2.110397', '1.49737', '0.984645', '-0.10747', '?']|,|['6', '-0.651267', '-0.054885', '0.845191', '-0.345409', '1.497724', '?']|,1
94,|['1', '-0.362948', '-1.320339', '2.871917', '-2.414415', '-0.216239', '?']|,|['2', '0.25717', '0.749144', '1.935534', '0.403116', '-0.261486', '?']|,|['3', '0.674156', '0.171398', '1.49777', '-0.324638', '0.032498', '?']|,|['4', '-0.341077', '0.555523', '1.303567', '-0.167549', '1.121396', '?']|,|['5', '-0.8284', '2.110397', '1.49737', '0.984645', '-0.10747', '?']|,|['6', '-0.651267', '-0.054885', '0.845191', '-0.345409', '1.497724', '?']|,0
95,|['1', '-0.362948', '-1.320339', '2.871917', '-2.414415', '-0.216239', '?']|,|['2', '0.25717', '0.749144', '1.935534', '0.403116', '-0.261486', '?']|,|['3', '0.674156', '0.171398', '1.49777', '-0.324638', '0.032498', '?']|,|['4', '-0.341077', '0.555523', '1.303567', '-0.167549', '1.121396', '?']|,|['5', '-0.8284', '2.110397', '1.49737', '0.984645', '-0.10747', '?']|,|['6', '-0.651267', '-0.054885', '0.845191', '-0.345409', '1.497724', '?']|,0
96,|['1', '-0.362948', '-1.320339', '2.871917', '-2.414415', '-0.216239', '?']|,|['2', '0.25717', '0.749144', '1.935534', '0.403116', '-0.261486', '?']|,|['3', '0.674156', '0.171398', '1.49777', '-0.324638', '0.032498', '?']|,|['4', '-0.341077', '0.555523', '1.303567', '-0.167549', '1.121396', '?']|,|['5', '-0.8284', '2.110397', '1.49737', '0.984645', '-0.10747', '?']|,|['6', '-0.651267', '-0.054885', '0.845191', '-0.345409', '1.497724', '?']|,0
97,|['1', '-0.362948', '-1.320339', '2.871917', '-2.414415', '-0.216239', '?']|,|['2', '0.25717', '0.749144', '1.935534', '0.403116', '-0.261486', '?']|,|['3', '0.674156', '0.171398', '1.49777', '-0.324638', '0.032498', '?']|,|['4', '-0.341077', '0.555523', '1.303567', '-0.167549', '1.121396', '?']|,|['5', '-0.8284', '2.110397', '1.49737', '0.984645', '-0.10747', '?']|,|['6', '-0.651267', '-0.054885', '0.845191', '-0.345409', '1.497724', '?']|,1
98,|['1', '-0.362948', '-1.320339', '2.871917', '-2.414415', '-0.216239', '?']|,|['2', '0.25717', '0.749144', '1.935534', '0.403116', '-0.261486', '?']|,|['3', '0.674156', '0.171398', '1.49777', '-0.324638', '0.032498', '?']|,|['4', '-0.341077', '0.555523', '1.303567', '-0.167549', '1.121396', '?']|,|['5', '-0.8284', '2.110397', '1.49737', '0.984645', '-0.10747', '?']|,|['6', '-0.651267', '-0.054885', '0.845191', '-0.345409', '1.497724', '?']|,2
99,|['1', '-0.362948', '-1.320339', '2.871917', '-2.414415', '-0.216239', '?']|,|['2', '0.25717', '0.749144', '1.935534', '0.403116', '-0.261486', '?']|,|['3', '0.674156', '0.171398', '1.49777', '-0.324638', '0.032498', '?']|,|['4', '-0.341077', '0.555523', '1.303567', '-0.167549', '1.121396', '?']|,|['5', '-0.8284', '2.110397', '1.49737', '0.984645', '-0.10747', '?']|,|['6', '-0.651267', '-0.054885', '0.845191', '-0.345409', '1.497724', '?']|,2
100,|['1', '-0.362948', '-1.320339', '2.871917', '-2.414415', '-0.216239', '?']|,|['2', '0.25717', '0.749144', '1.935534', '0.403116', '-0.261486', '?']|,|['3', '0.674156', '0.171398', '1.49777', '-0.324638', '0.032498', '?']|,|['4', '-0.341077', '0.555523', '1.303567', '-0.167549', '1.121396', '?']|,|['5', '-0.8284', '2.110397', '1.49737', '0.984645', '-0.10747', '?']|,|['6', '-0.651267', '-0.054885', '0.845191', '-0.345409', '1.497724', '?']|,2
101,|['1', '-0.362948', '-1.320339', '2.871917', '-2.414415', '-0.216239', '?']|,|['2', '0.25717', '0.749144', '1.935534', '0.403116', '-0.261486', '?']|,|['3', '0.674156', '0.171398', '1.49777', '-0.324638', '0.032498', '?']|,|['4', '-0.341077', '0.555523', '1.303567', '-0.167549', '1.121396', '?']|,|['5', '-0.8284', '2.110397', '1.49737', '0.984645', '-0.10747', '?']|,|['6', '-0.651267', '-0.054885', '0.845191', '-0.345409', '1.497724', '?']|,2
102,|['1', '-0.362948', '-1.320339', '2.871917', '-2.414415', '-0.216239', '?']|,|['2', '0.25717', '0.749144', '1.935534', '0.403116', '-0.261486', '?']|,|['3', '0.674156', '0.171398', '1.49777', '-0.324638', '0.032498', '?']|,|['4', '-0.341077', '0.555523', '1.303567', '-0.167549', '1.121396', '?']|,|['5', '-0.8284', '2.110397', '1.49737', '0.984645', '-0.10747', '?']|,|['6', '-0.651267', '-0.054885', '0.845191', '-0.345409', '1.497724', '?']|,3
103,|['1', '-0.362948', '-1.320339', '2.871917', '-2.414415', '-0.216239', '?']|,|['2', '0.25717', '0.749144', '1.935534', '0.403116', '-0.261486', '?']|,|['3', '0.674156', '0.171398', '1.49777', '-0.324638', '0.032498', '?']|,|['4', '-0.341077', '0.555523', '1.303567', '-0.167549', '1.121396', '?']|,|['5', '-0.8284', '2.110397', '1.49737', '0.984645', '-0.10747', '?']|,|['6', '-0.651267', '-0.054885', '0.845191', '-0.345409', '1.497724', '?']|,3
104,|['1', '-0.362948', '-1.320339', '2.871917', '-2.414415', '-0.216239', '?']|,|['2', '0.25717', '0.749144', '1.935534', '0.403116', '-0.261486', '?']|,|['3', '0.674156', '0.171398', '1.49777', '-0.324638', '0.032498', '?']|,|['4', '-0.341077', '0.555523', '1.303567', '-0.167549', '1.121396', '?']|,|['5', '-0.8284', '2.110397', '1.49737', '0.984645', '-0.10747', '?']|,|['6', '-0.651267', '-0.054885', '0.845191', '-0.345409', '1.497724', '?']|,2
105,|['1', '-0.362948', '-1.320339', '2.871917', '-2.414415', '-0.216239', '?']|,|['2', '0.25717', '0.749144', '1.935534', '0.403116', '-0.261486', '?']|,|['3', '0.674156', '0.171398', '1.49777', '-0.324638', '0.032498', '?']|,|['4', '-0.341077', '0.555523', '1.303567', '-0.167549', '1.121396', '?']|,|['5', '-0.8284', '2.110397', '1.49737', '0.984645', '-0.10747', '?']|,|['6', '-0.651267', '-0.054885', '0.845191', '-0.345409', '1.497724', '?']|,2
106,|['1', '-0.362948', '-1.320339', '2.871917', '-2.414415', '-0.216239', '?']|,|['2', '0.25717', '0.749144', '1.935534', '0.403116', '-0.261486', '?']|,|['3', '0.674156', '0.171398', '1.49777', '-0.324638', '0.032498', '?']|,|['4', '-0.341077', '0.555523', '1.303567', '-0.167549', '1.121396', '?']|,|['5', '-0.8284', '2.110397', '1.49737', '0.984645', '-0.10747', '?']|,|['6', '-0.651267', '-0.054885', '0.845191', '-0.345409', '1.497724', '?']|,3
107,|['1', '-0.362948', '-1.320339', '2.871917', '-2.414415', '-0.216239', '?']|,|['2', '0.25717', '0.749144', '1.935534', '0.403116', '-0.261486', '?']|,|['3', '0.674156', '0.171398', '1.49777', '-0.324638', '0.032498', '?']|,|['4', '-0.341077', '0.555523', '1.303567', '-0.167549', '1.121396', '?']|,|['5', '-0.8284', '2.110397', '1.49737', '0.984645', '-0.10747', '?']|,|['6', '-0.651267', '-0.054885', '0.845191', '-0.345409', '1.497724', '?']|,3
108,|['1', '-0.362948', '-1.320339', '2.871917', '-2.414415', '-0.216239', '?']|,|['2', '0.25717', '0.749144', '1.935534', '0.403116', '-0.261486', '?']|,|['3', '0.674156', '0.171398', '1.49777', '-0.324638', '0.032498', '?']|,|['4', '-0.341077', '0.555523', '1.303567', '-0.167549', '1.121396', '?']|,|['5', '-0.8284', '2.110397', '1.49737', '0.984645', '-0.10747', '?']|,|['6', '-0.651267', '-0.054885', '0.845191', '-0.345409', '1.497724', '?']|,2
109,|['1', '-0.362948', '-1.320339', '2.871917', '-2.414415', '-0.216239', '?']|,|['2', '0.25717', '0.749144', '1.935534', '0.403116', '-0.261486', '?']|,|['3', '0.674156', '0.171398', '1.49777', '-0.324638', '0.032498', '?']|,|['4', '-0.341077', '0.555523', '1.303567', '-0.167549', '1.121396', '?']|,|['5', '-0.8284', '2.110397', '1.49737', '0.984645', '-0.10747', '?']|,|['6', '-0.651267', '-0.054885', '0.845191', '-0.345409', '1.497724', '?']|,3
110,|['1', '-0.362948', '-1.320339', '2.871917', '-2.414415', '-0.216239', '?']|,|['2', '0.25717', '0.749144', '1.935534', '0.403116', '-0.261486', '?']|,|['3', '0.674156', '0.171398', '1.49777', '-0.324638', '0.032498', '?']|,|['4', '-0.341077', '0.555523', '1.303567', '-0.167549', '1.121396', '?']|,|['5', '-0.8284', '2.110397', '1.49737', '0.984645', '-0.10747', '?']|,|['6', '-0.651267', '-0.054885', '0.845191', '-0.345409', '1.497724', '?']|,2
111,|['1', '-0.362948', '-1.320339', '2.871917', '-2.414415', '-0.216239', '?']|,|['2', '0.25717', '0.749144', '1.935534', '0.403116', '-0.261486', '?']|,|['3', '0.674156', '0.171398', '1.49777', '-0.324638', '0.032498', '?']|,|['4', '-0.341077', '0.555523', '1.303567', '-0.167549', '1.121396', '?']|,|['5', '-0.8284', '2.110397', '1.49737', '0.984645', '-0.10747', '?']|,|['6', '-0.651267', '-0.054885', '0.845191', '-0.345409', '1.497724', '?']|,0
112,|['1', '-0.362948', '-1.320339', '2.871917', '-2.414415', '-0.216239', '?']|,|['2', '0.25717', '0.749144', '1.935534', '0.403116', '-0.261486', '?']|,|['3', '0.674156', '0.171398', '1.49777', '-0.324638', '0.032498', '?']|,|['4', '-0.341077', '0.555523', '1.303567', '-0.167549', '1.121396', '?']|,|['5', '-0.8284', '2.110397', '1.49737', '0.984645', '-0.10747', '?']|,|['6', '-0.651267', '-0.054885', '0.845191', '-0.345409', '1.497724', '?']|,3
113,|['1', '-0.362948', '-1.320339', '2.871917', '-2.414415', '-0.216239', '?']|,|['2', '0.25717', '0.749144', '1.935534', '0.403116', '-0.261486', '?']|,|['3', '0.674156', '0.171398', '1.49777', '-0.324638', '0.032498', '?']|,|['4', '-0.341077', '0.555523', '1.303567', '-0.167549', '1.121396', '?']|,|['5', '-0.8284', '2.110397', '1.49737', '0.984645', '-0.10747', '?']|,|['6', '-0.651267', '-0.054885', '0.845191', '-0.345409', '1.497724', '?']|,3
114,|['1', '-0.362948', '-1.320339', '2.871917', '-2.414415', '-0.216239', '?']|,|['2', '0.25717', '0.749144', '1.935534', '0.403116', '-0.261486', '?']|,|['3', '0.674156', '0.171398', '1.49777', '-0.324638', '0.032498', '?']|,|['4', '-0.341077', '0.555523', '1.303567', '-0.167549', '1.121396', '?']|,|['5', '-0.8284', '2.110397', '1.49737', '0.984645', '-0.10747', '?']|,|['6', '-0.651267', '-0.054885', '0.845191', '-0.345409', '1.497724', '?']|,2
115,|['1', '-0.362948', '-1.320339', '2.871917', '-2.414415', '-0.216239', '?']|,|['2', '0.25717', '0.749144', '1.935534', '0.403116', '-0.261486', '?']|,|['3', '0.674156', '0.171398', '1.49777', '-0.324638', '0.032498', '?']|,|['4', '-0.341077', '0.555523', '1.303567', '-0.167549', '1.121396', '?']|,|['5', '-0.8284', '2.110397', '1.49737', '0.984645', '-0.10747', '?']|,|['6', '-0.651267', '-0.054885', '0.845191', '-0.345409', '1.497724', '?']|,2
116,|['1', '-0.362948', '-1.320339', '2.871917', '-2.414415', '-0.216239', '?']|,|['2', '0.25717', '0.749144', '1.935534', '0.403116', '-0.261486', '?']|,|['3', '0.674156', '0.171398', '1.49777', '-0.324638', '0.032498', '?']|,|['4', '-0.341077', '0.555523', '1.303567', '-0.167549', '1.121396', '?']|,|['5', '-0.8284', '2.110397', '1.49737', '0.984645', '-0.10747', '?']|,|['6', '-0.651267', '-0.054885', '0.845191', '-0.345409', '1.497724', '?']|,2
117,|['1', '-0.362948', '-1.320339', '2.871917', '-2.414415', '-0.216239', '?']|,|['2', '0.25717', '0.749144', '1.935534', '0.403116', '-0.261486', '?']|,|['3', '0.674156', '0.171398', '1.49777', '-0.324638', '0.032498', '?']|,|['4', '-0.341077', '0.555523', '1.303567', '-0.167549', '1.121396', '?']|,|['5', '-0.8284', '2.110397', '1.49737', '0.984645', '-0.10747', '?']|,|['6', '-0.651267', '-0.054885', '0.845191', '-0.345409', '1.497724', '?']|,2
118,|['1', '-0.362948', '-1.320339', '2.871917', '-2.414415', '-0.216239', '?']|,|['2', '0.25717', '0.749144', '1.935534', '0.403116', '-0.261486', '?']|,|['3', '0.674156', '0.171398', '1.49777', '-0.324638', '0.032498', '?']|,|['4', '-0.341077', '0.555523', '1.303567', '-0.167549', '1.121396', '?']|,|['5', '-0.8284', '2.110397', '1.49737', '0.984645', '-0.10747', '?']|,|['6', '-0.651267', '-0.054885', '0.845191', '-0.345409', '1.497724', '?']|,2
119,|['1', '-0.362948', '-1.320339', '2.871917', '-2.414415', '-0.216239', '?']|,|['2', '0.25717', '0.749144', '1.935534', '0.403116', '-0.261486', '?']|,|['3', '0.674156', '0.171398', '1.49777', '-0.324638', '0.032498', '?']|,|['4', '-0.341077', '0.555523', '1.303567', '-0.167549', '1.121396', '?']|,|['5', '-0.8284', '2.110397', '1.49737', '0.984645', '-0.10747', '?']|,|['6', '-0.651267', '-0.054885', '0.845191', '-0.345409', '1.497724', '?']|,2
120,|['1', '-0.362948', '-1.320339', '2.871917', '-2.414415', '-0.216239', '?']|,|['2', '0.25717', '0.749144', '1.935534', '0.403116', '-0.261486', '?']|,|['3', '0.674156', '0.171398', '1.49777', '-0.324638', '0.032498', '?']|,|['4', '-0.341077', '0.555523', '1.303567', '-0.167549', '1.121396', '?']|,|['5', '-0.8284', '2.110397', '1.49737', '0.984645', '-0.10747', '?']|,|['6', '-0.651267', '-0.054885', '0.845191', '-0.345409', '1.497724', '?']|,0
121,|['1', '-0.362948', '-1.320339', '2.871917', '-2.414415', '-0.216239', '?']|,|['2', '0.25717', '0.749144', '1.935534', '0.403116', '-0.261486', '?']|,|['3', '0.674156', '0.171398', '1.49777', '-0.324638', '0.032498', '?']|,|['4', '-0.341077', '0.555523', '1.303567', '-0.167549', '1.121396', '?']|,|['5', '-0.8284', '2.110397', '1.49737', '0.984645', '-0.10747', '?']|,|['6', '-0.651267', '-0.054885', '0.845191', '-0.345409', '1.497724', '?']|,3
122,|['1', '-0.362948', '-1.320339', '2.871917', '-2.414415', '-0.216239', '?']|,|['2', '0.25717', '0.749144', '1.935534', '0.403116', '-0.261486', '?']|,|['3', '0.674156', '0.171398', '1.49777', '-0.324638', '0.032498', '?']|,|['4', '-0.341077', '0.555523', '1.303567', '-0.167549', '1.121396', '?']|,|['5', '-0.8284', '2.110397', '1.49737', '0.984645', '-0.10747', '?']|,|['6', '-0.651267', '-0.054885', '0.845191', '-0.345409', '1.497724', '?']|,2
123,|['1', '-0.362948', '-1.320339', '2.871917', '-2.414415', '-0.216239', '?']|,|['2', '0.25717', '0.749144', '1.935534', '0.403116', '-0.261486', '?']|,|['3', '0.674156', '0.171398', '1.49777', '-0.324638', '0.032498', '?']|,|['4', '-0.341077', '0.555523', '1.303567', '-0.167549', '1.121396', '?']|,|['5', '-0.8284', '2.110397', '1.49737', '0.984645', '-0.10747', '?']|,|['6', '-0.651267', '-0.054885', '0.845191', '-0.345409', '1.497724', '?']|,2
124,|['1', '-0.362948', '-1.320339', '2.871917', '-2.414415', '-0.216239', '?']|,|['2', '0.25717', '0.749144', '1.935534', '0.403116', '-0.261486', '?']|,|['3', '0.674156', '0.171398', '1.49777', '-0.324638', '0.032498', '?']|,|['4', '-0.341077', '0.555523', '1.303567', '-0.167549', '1.121396', '?']|,|['5', '-0.8284', '2.110397', '1.49737', '0.984645', '-0.10747', '?']|,|['6', '-0.651267', '-0.054885', '0.845191', '-0.345409', '1.497724', '?']|,3
125,|['1', '-0.362948', '-1.320339', '2.871917', '-2.414415', '-0.216239', '?']|,|['2', '0.25717', '0.749144', '1.935534', '0.403116', '-0.261486', '?']|,|['3', '0.674156', '0.171398', '1.49777', '-0.324638', '0.032498', '?']|,|['4', '-0.341077', '0.555523', '1.303567', '-0.167549', '1.121396', '?']|,|['5', '-0.8284', '2.110397', '1.49737', '0.984645', '-0.10747', '?']|,|['6', '-0.651267', '-0.054885', '0.845191', '-0.345409', '1.497724', '?']|,3
126,|['1', '-0.362948', '-1.320339', '2.871917', '-2.414415', '-0.216239', '?']|,|['2', '0.25717', '0.749144', '1.935534', '0.403116', '-0.261486', '?']|,|['3', '0.674156', '0.171398', '1.49777', '-0.324638', '0.032498', '?']|,|['4', '-0.341077', '0.555523', '1.303567', '-0.167549', '1.121396', '?']|,|['5', '-0.8284', '2.110397', '1.49737', '0.984645', '-0.10747', '?']|,|['6', '-0.651267', '-0.054885', '0.845191', '-0.345409', '1.497724', '?']|,0
127,|['1', '-0.362948', '-1.320339', '2.871917', '-2.414415', '-0.216239', '?']|,|['2', '0.25717', '0.749144', '1.935534', '0.403116', '-0.261486', '?']|,|['3', '0.674156', '0.171398', '1.49777', '-0.324638', '0.032498', '?']|,|['4', '-0.341077', '0.555523', '1.303567', '-0.167549', '1.121396', '?']|,|['5', '-0.8284', '2.110397', '1.49737', '0.984645', '-0.10747', '?']|,|['6', '-0.651267', '-0.054885', '0.845191', '-0.345409', '1.497724', '?']|,2
128,|['1', '-0.362948', '-1.320339', '2.871917', '-2.414415', '-0.216239', '?']|,|['2', '0.25717', '0.749144', '1.935534', '0.403116', '-0.261486', '?']|,|['3', '0.674156', '0.171398', '1.49777', '-0.324638', '0.032498', '?']|,|['4', '-0.341077', '0.555523', '1.303567', '-0.167549', '1.121396', '?']|,|['5', '-0.8284', '2.110397', '1.49737', '0.984645', '-0.10747', '?']|,|['6', '-0.651267', '-0.054885', '0.845191', '-0.345409', '1.497724', '?']|,3
129,|['1', '-0.362948', '-1.320339', '2.871917', '-2.414415', '-0.216239', '?']|,|['2', '0.25717', '0.749144', '1.935534', '0.403116', '-0.261486', '?']|,|['3', '0.674156', '0.171398', '1.49777', '-0.324638', '0.032498', '?']|,|['4', '-0.341077', '0.555523', '1.303567', '-0.167549', '1.121396', '?']|,|['5', '-0.8284', '2.110397', '1.49737', '0.984645', '-0.10747', '?']|,|['6', '-0.651267', '-0.054885', '0.845191', '-0.345409', '1.497724', '?']|,2
130,|['1', '-0.362948', '-1.320339', '2.871917', '-2.414415', '-0.216239', '?']|,|['2', '0.25717', '0.749144', '1.935534', '0.403116', '-0.261486', '?']|,|['3', '0.674156', '0.171398', '1.49777', '-0.324638', '0.032498', '?']|,|['4', '-0.341077', '0.555523', '1.303567', '-0.167549', '1.121396', '?']|,|['5', '-0.8284', '2.110397', '1.49737', '0.984645', '-0.10747', '?']|,|['6', '-0.651267', '-0.054885', '0.845191', '-0.345409', '1.497724', '?']|,2
131,|['1', '-0.362948', '-1.320339', '2.871917', '-2.414415', '-0.216239', '?']|,|['2', '0.25717', '0.749144', '1.935534', '0.403116', '-0.261486', '?']|,|['3', '0.674156', '0.171398', '1.49777', '-0.324638', '0.032498', '?']|,|['4', '-0.341077', '0.555523', '1.303567', '-0.167549', '1.121396', '?']|,|['5', '-0.8284', '2.110397', '1.49737', '0.984645', '-0.10747', '?']|,|['6', '-0.651267', '-0.054885', '0.845191', '-0.345409', '1.497724', '?']|,3
132,|['1', '-0.362948', '-1.320339', '2.871917', '-2.414415', '-0.216239', '?']|,|['2', '0.25717', '0.749144', '1.935534', '0.403116', '-0.261486', '?']|,|['3', '0.674156', '0.171398', '1.49777', '-0.324638', '0.032498', '?']|,|['4', '-0.341077', '0.555523', '1.303567', '-0.167549', '1.121396', '?']|,|['5', '-0.8284', '2.110397', '1.49737', '0.984645', '-0.10747', '?']|,|['6', '-0.651267', '-0.054885', '0.845191', '-0.345409', '1.497724', '?']|,0
133,|['1', '-0.362948', '-1.320339', '2.871917', '-2.414415', '-0.216239', '?']|,|['2', '0.25717', '0.749144', '1.935534', '0.403116', '-0.261486', '?']|,|['3', '0.674156', '0.171398', '1.49777', '-0.324638', '0.032498', '?']|,|['4', '-0.341077', '0.555523', '1.303567', '-0.167549', '1.121396', '?']|,|['5', '-0.8284', '2.110397', '1.49737', '0.984645', '-0.10747', '?']|,|['6', '-0.651267', '-0.054885', '0.845191', '-0.345409', '1.497724', '?']|,3
134,|['1', '-0.362948', '-1.320339', '2.871917', '-2.414415', '-0.216239', '?']|,|['2', '0.25717', '0.749144', '1.935534', '0.403116', '-0.261486', '?']|,|['3', '0.674156', '0.171398', '1.49777', '-0.324638', '0.032498', '?']|,|['4', '-0.341077', '0.555523', '1.303567', '-0.167549', '1.121396', '?']|,|['5', '-0.8284', '2.110397', '1.49737', '0.984645', '-0.10747', '?']|,|['6', '-0.651267', '-0.054885', '0.845191', '-0.345409', '1.497724', '?']|,3
135,|['1', '-0.362948', '-1.320339', '2.871917', '-2.414415', '-0.216239', '?']|,|['2', '0.25717', '0.749144', '1.935534', '0.403116', '-0.261486', '?']|,|['3', '0.674156', '0.171398', '1.49777', '-0.324638', '0.032498', '?']|,|['4', '-0.341077', '0.555523', '1.303567', '-0.167549', '1.121396', '?']|,|['5', '-0.8284', '2.110397', '1.49737', '0.984645', '-0.10747', '?']|,|['6', '-0.651267', '-0.054885', '0.845191', '-0.345409', '1.497724', '?']|,2
136,|['1', '-0.362948', '-1.320339', '2.871917', '-2.414415', '-0.216239', '?']|,|['2', '0.25717', '0.749144', '1.935534', '0.403116', '-0.261486', '?']|,|['3', '0.674156', '0.171398', '1.49777', '-0.324638', '0.032498', '?']|,|['4', '-0.341077', '0.555523', '1.303567', '-0.167549', '1.121396', '?']|,|['5', '-0.8284', '2.110397', '1.49737', '0.984645', '-0.10747', '?']|,|['6', '-0.651267', '-0.054885', '0.845191', '-0.345409', '1.497724', '?']|,2
137,|['1', '-0.362948', '-1.320339', '2.871917', '-2.414415', '-0.216239', '?']|,|['2', '0.25717', '0.749144', '1.935534', '0.403116', '-0.261486', '?']|,|['3', '0.674156', '0.171398', '1.49777', '-0.324638', '0.032498', '?']|,|['4', '-0.341077', '0.555523', '1.303567', '-0.167549', '1.121396', '?']|,|['5', '-0.8284', '2.110397', '1.49737', '0.984645', '-0.10747', '?']|,|['6', '-0.651267', '-0.054885', '0.845191', '-0.345409', '1.497724', '?']|,2
138,|['1', '-0.362948', '-1.320339', '2.871917', '-2.414415', '-0.216239', '?']|,|['2', '0.25717', '0.749144', '1.935534', '0.403116', '-0.261486', '?']|,|['3', '0.674156', '0.171398', '1.49777', '-0.324638', '0.032498', '?']|,|['4', '-0.341077', '0.555523', '1.303567', '-0.167549', '1.121396', '?']|,|['5', '-0.8284', '2.110397', '1.49737', '0.984645', '-0.10747', '?']|,|['6', '-0.651267', '-0.054885', '0.845191', '-0.345409', '1.497724', '?']|,0
139,|['1', '-0.362948', '-1.320339', '2.871917', '-2.414415', '-0.216239', '?']|,|['2', '0.25717', '0.749144', '1.935534', '0.403116', '-0.261486', '?']|,|['3', '0.674156', '0.171398', '1.49777', '-0.324638', '0.032498', '?']|,|['4', '-0.341077', '0.555523', '1.303567', '-0.167549', '1.121396', '?']|,|['5', '-0.8284', '2.110397', '1.49737', '0.984645', '-0.10747', '?']|,|['6', '-0.651267', '-0.054885', '0.845191', '-0.345409', '1.497724', '?']|,2
140,|['1', '-0.362948', '-1.320339', '2.871917', '-2.414415', '-0.216239', '?']|,|['2', '0.25717', '0.749144', '1.935534', '0.403116', '-0.261486', '?']|,|['3', '0.674156', '0.171398', '1.49777', '-0.324638', '0.032498', '?']|,|['4', '-0.341077', '0.555523', '1.303567', '-0.167549', '1.121396', '?']|,|['5', '-0.8284', '2.110397', '1.49737', '0.984645', '-0.10747', '?']|,|['6', '-0.651267', '-0.054885', '0.845191', '-0.345409', '1.497724', '?']|,2
141,|['1', '-0.362948', '-1.320339', '2.871917', '-2.414415', '-0.216239', '?']|,|['2', '0.25717', '0.749144', '1.935534', '0.403116', '-0.261486', '?']|,|['3', '0.674156', '0.171398', '1.49777', '-0.324638', '0.032498', '?']|,|['4', '-0.341077', '0.555523', '1.303567', '-0.167549', '1.121396', '?']|,|['5', '-0.8284', '2.110397', '1.49737', '0.984645', '-0.10747', '?']|,|['6', '-0.651267', '-0.054885', '0.845191', '-0.345409', '1.497724', '?']|,0
142,|['1', '-0.362948', '-1.320339', '2.871917', '-2.414415', '-0.216239', '?']|,|['2', '0.25717', '0.749144', '1.935534', '0.403116', '-0.261486', '?']|,|['3', '0.674156', '0.171398', '1.49777', '-0.324638', '0.032498', '?']|,|['4', '-0.341077', '0.555523', '1.303567', '-0.167549', '1.121396', '?']|,|['5', '-0.8284', '2.110397', '1.49737', '0.984645', '-0.10747', '?']|,|['6', '-0.651267', '-0.054885', '0.845191', '-0.345409', '1.497724', '?']|,3
143,|['1', '-0.362948', '-1.320339', '2.871917', '-2.414415', '-0.216239', '?']|,|['2', '0.25717', '0.749144', '1.935534', '0.403116', '-0.261486', '?']|,|['3', '0.674156', '0.171398', '1.49777', '-0.324638', '0.032498', '?']|,|['4', '-0.341077', '0.555523', '1.303567', '-0.167549', '1.121396', '?']|,|['5', '-0.8284', '2.110397', '1.49737', '0.984645', '-0.10747', '?']|,|['6', '-0.651267', '-0.054885', '0.845191', '-0.345409', '1.497724', '?']|,2
144,|['1', '-0.362948', '-1.320339', '2.871917', '-2.414415', '-0.216239', '?']|,|['2', '0.25717', '0.749144', '1.935534', '0.403116', '-0.261486', '?']|,|['3', '0.674156', '0.171398', '1.49777', '-0.324638', '0.032498', '?']|,|['4', '-0.341077', '0.555523', '1.303567', '-0.167549', '1.121396', '?']|,|['5', '-0.8284', '2.110397', '1.49737', '0.984645', '-0.10747', '?']|,|['6', '-0.651267', '-0.054885', '0.845191', '-0.345409', '1.497724', '?']|,2
145,|['1', '-0.362948', '-1.320339', '2.871917', '-2.414415', '-0.216239', '?']|,|['2', '0.25717', '0.749144', '1.935534', '0.403116', '-0.261486', '?']|,|['3', '0.674156', '0.171398', '1.49777', '-0.324638', '0.032498', '?']|,|['4', '-0.341077', '0.555523', '1.303567', '-0.167549', '1.121396', '?']|,|['5', '-0.8284', '2.110397', '1.49737', '0.984645', '-0.10747', '?']|,|['6', '-0.651267', '-0.054885', '0.845191', '-0.345409', '1.497724', '?']|,2
146,|['1', '-0.362948', '-1.320339', '2.871917', '-2.414415', '-0.216239', '?']|,|['2', '0.25717', '0.749144', '1.935534', '0.403116', '-0.261486', '?']|,|['3', '0.674156', '0.171398', '1.49777', '-0.324638', '0.032498', '?']|,|['4', '-0.341077', '0.555523', '1.303567', '-0.167549', '1.121396', '?']|,|['5', '-0.8284', '2.110397', '1.49737', '0.984645', '-0.10747', '?']|,|['6', '-0.651267', '-0.054885', '0.845191', '-0.345409', '1.497724', '?']|,3
147,|['1', '-0.362948', '-1.320339', '2.871917', '-2.414415', '-0.216239', '?']|,|['2', '0.25717', '0.749144', '1.935534', '0.403116', '-0.261486', '?']|,|['3', '0.674156', '0.171398', '1.49777', '-0.324638', '0.032498', '?']|,|['4', '-0.341077', '0.555523', '1.303567', '-0.167549', '1.121396', '?']|,|['5', '-0.8284', '2.110397', '1.49737', '0.984645', '-0.10747', '?']|,|['6', '-0.651267', '-0.054885', '0.845191', '-0.345409', '1.497724', '?']|,1
148,|['1', '-0.362948', '-1.320339', '2.871917', '-2.414415', '-0.216239', '?']|,|['2', '0.25717', '0.749144', '1.935534', '0.403116', '-0.261486', '?']|,|['3', '0.674156', '0.171398', '1.49777', '-0.324638', '0.032498', '?']|,|['4', '-0.341077', '0.555523', '1.303567', '-0.167549', '1.121396', '?']|,|['5', '-0.8284', '2.110397', '1.49737', '0.984645', '-0.10747', '?']|,|['6', '-0.651267', '-0.054885', '0.845191', '-0.345409', '1.497724', '?']|,3
149,|['1', '-0.362948', '-1.320339', '2.871917', '-2.414415', '-0.216239', '?']|,|['2', '0.25717', '0.749144', '1.935534', '0.403116', '-0.261486', '?']|,|['3', '0.674156', '0.171398', '1.49777', '-0.324638', '0.032498', '?']|,|['4', '-0.341077', '0.555523', '1.303567', '-0.167549', '1.121396', '?']|,|['5', '-0.8284', '2.110397', '1.49737', '0.984645', '-0.10747', '?']|,|['6', '-0.651267', '-0.054885', '0.845191', '-0.345409', '1.497724', '?']|,2
150,|['1', '-0.362948', '-1.320339', '2.871917', '-2.414415', '-0.216239', '?']|,|['2', '0.25717', '0.749144', '1.935534', '0.403116', '-0.261486', '?']|,|['3', '0.674156', '0.171398', '1.49777', '-0.324638', '0.032498', '?']|,|['4', '-0.341077', '0.555523', '1.303567', '-0.167549', '1.121396', '?']|,|['5', '-0.8284', '2.110397', '1.49737', '0.984645', '-0.10747', '?']|,|['6', '-0.651267', '-0.054885', '0.845191', '-0.345409', '1.497724', '?']|,2
151,|['1', '-0.362948', '-1.320339', '2.871917', '-2.414415', '-0.216239', '?']|,|['2', '0.25717', '0.749144', '1.935534', '0.403116', '-0.261486', '?']|,|['3', '0.674156', '0.171398', '1.49777', '-0.324638', '0.032498', '?']|,|['4', '-0.341077', '0.555523', '1.303567', '-0.167549', '1.121396', '?']|,|['5', '-0.8284', '2.110397', '1.49737', '0.984645', '-0.10747', '?']|,|['6', '-0.651267', '-0.054885', '0.845191', '-0.345409', '1.497724', '?']|,3
152,|['1', '-0.362948', '-1.320339', '2.871917', '-2.414415', '-0.216239', '?']|,|['2', '0.25717', '0.749144', '1.935534', '0.403116', '-0.261486', '?']|,|['3', '0.674156', '0.171398', '1.49777', '-0.324638', '0.032498', '?']|,|['4', '-0.341077', '0.555523', '1.303567', '-0.167549', '1.121396', '?']|,|['5', '-0.8284', '2.110397', '1.49737', '0.984645', '-0.10747', '?']|,|['6', '-0.651267', '-0.054885', '0.845191', '-0.345409', '1.497724', '?']|,3
153,|['1', '-0.362948', '-1.320339', '2.871917', '-2.414415', '-0.216239', '?']|,|['2', '0.25717', '0.749144', '1.935534', '0.403116', '-0.261486', '?']|,|['3', '0.674156', '0.171398', '1.49777', '-0.324638', '0.032498', '?']|,|['4', '-0.341077', '0.555523', '1.303567', '-0.167549', '1.121396', '?']|,|['5', '-0.8284', '2.110397', '1.49737', '0.984645', '-0.10747', '?']|,|['6', '-0.651267', '-0.054885', '0.845191', '-0.345409', '1.497724', '?']|,3
154,|['1', '-0.362948', '-1.320339', '2.871917', '-2.414415', '-0.216239', '?']|,|['2', '0.25717', '0.749144', '1.935534', '0.403116', '-0.261486', '?']|,|['3', '0.674156', '0.171398', '1.49777', '-0.324638', '0.032498', '?']|,|['4', '-0.341077', '0.555523', '1.303567', '-0.167549', '1.121396', '?']|,|['5', '-0.8284', '2.110397', '1.49737', '0.984645', '-0.10747', '?']|,|['6', '-0.651267', '-0.054885', '0.845191', '-0.345409', '1.497724', '?']|,3
155,|['1', '-0.362948', '-1.320339', '2.871917', '-2.414415', '-0.216239', '?']|,|['2', '0.25717', '0.749144', '1.935534', '0.403116', '-0.261486', '?']|,|['3', '0.674156', '0.171398', '1.49777', '-0.324638', '0.032498', '?']|,|['4', '-0.341077', '0.555523', '1.303567', '-0.167549', '1.121396', '?']|,|['5', '-0.8284', '2.110397', '1.49737', '0.984645', '-0.10747', '?']|,|['6', '-0.651267', '-0.054885', '0.845191', '-0.345409', '1.497724', '?']|,2
156,|['1', '-0.362948', '-1.320339', '2.871917', '-2.414415', '-0.216239', '?']|,|['2', '0.25717', '0.749144', '1.935534', '0.403116', '-0.261486', '?']|,|['3', '0.674156', '0.171398', '1.49777', '-0.324638', '0.032498', '?']|,|['4', '-0.341077', '0.555523', '1.303567', '-0.167549', '1.121396', '?']|,|['5', '-0.8284', '2.110397', '1.49737', '0.984645', '-0.10747', '?']|,|['6', '-0.651267', '-0.054885', '0.845191', '-0.345409', '1.497724', '?']|,1
157,|['1', '-0.362948', '-1.320339', '2.871917', '-2.414415', '-0.216239', '?']|,|['2', '0.25717', '0.749144', '1.935534', '0.403116', '-0.261486', '?']|,|['3', '0.674156', '0.171398', '1.49777', '-0.324638', '0.032498', '?']|,|['4', '-0.341077', '0.555523', '1.303567', '-0.167549', '1.121396', '?']|,|['5', '-0.8284', '2.110397', '1.49737', '0.984645', '-0.10747', '?']|,|['6', '-0.651267', '-0.054885', '0.845191', '-0.345409', '1.497724', '?']|,2
158,|['1', '-0.362948', '-1.320339', '2.871917', '-2.414415', '-0.216239', '?']|,|['2', '0.25717', '0.749144', '1.935534', '0.403116', '-0.261486', '?']|,|['3', '0.674156', '0.171398', '1.49777', '-0.324638', '0.032498', '?']|,|['4', '-0.341077', '0.555523', '1.303567', '-0.167549', '1.121396', '?']|,|['5', '-0.8284', '2.110397', '1.49737', '0.984645', '-0.10747', '?']|,|['6', '-0.651267', '-0.054885', '0.845191', '-0.345409', '1.497724', '?']|,2
159,|['1', '-0.362948', '-1.320339', '2.871917', '-2.414415', '-0.216239', '?']|,|['2', '0.25717', '0.749144', '1.935534', '0.403116', '-0.261486', '?']|,|['3', '0.674156', '0.171398', '1.49777', '-0.324638', '0.032498', '?']|,|['4', '-0.341077', '0.555523', '1.303567', '-0.167549', '1.121396', '?']|,|['5', '-0.8284', '2.110397', '1.49737', '0.984645', '-0.10747', '?']|,|['6', '-0.651267', '-0.054885', '0.845191', '-0.345409', '1.497724', '?']|,3
160,|['1', '-0.362948', '-1.320339', '2.871917', '-2.414415', '-0.216239', '?']|,|['2', '0.25717', '0.749144', '1.935534', '0.403116', '-0.261486', '?']|,|['3', '0.674156', '0.171398', '1.49777', '-0.324638', '0.032498', '?']|,|['4', '-0.341077', '0.555523', '1.303567', '-0.167549', '1.121396', '?']|,|['5', '-0.8284', '2.110397', '1.49737', '0.984645', '-0.10747', '?']|,|['6', '-0.651267', '-0.054885', '0.845191', '-0.345409', '1.497724', '?']|,2
161,|['1', '-0.362948', '-1.320339', '2.871917', '-2.414415', '-0.216239', '?']|,|['2', '0.25717', '0.749144', '1.935534', '0.403116', '-0.261486', '?']|,|['3', '0.674156', '0.171398', '1.49777', '-0.324638', '0.032498', '?']|,|['4', '-0.341077', '0.555523', '1.303567', '-0.167549', '1.121396', '?']|,|['5', '-0.8284', '2.110397', '1.49737', '0.984645', '-0.10747', '?']|,|['6', '-0.651267', '-0.054885', '0.845191', '-0.345409', '1.497724', '?']|,1
162,|['1', '-0.362948', '-1.320339', '2.871917', '-2.414415', '-0.216239', '?']|,|['2', '0.25717', '0.749144', '1.935534', '0.403116', '-0.261486', '?']|,|['3', '0.674156', '0.171398', '1.49777', '-0.324638', '0.032498', '?']|,|['4', '-0.341077', '0.555523', '1.303567', '-0.167549', '1.121396', '?']|,|['5', '-0.8284', '2.110397', '1.49737', '0.984645', '-0.10747', '?']|,|['6', '-0.651267', '-0.054885', '0.845191', '-0.345409', '1.497724', '?']|,3
163,|['1', '-0.362948', '-1.320339', '2.871917', '-2.414415', '-0.216239', '?']|,|['2', '0.25717', '0.749144', '1.935534', '0.403116', '-0.261486', '?']|,|['3', '0.674156', '0.171398', '1.49777', '-0.324638', '0.032498', '?']|,|['4', '-0.341077', '0.555523', '1.303567', '-0.167549', '1.121396', '?']|,|['5', '-0.8284', '2.110397', '1.49737', '0.984645', '-0.10747', '?']|,|['6', '-0.651267', '-0.054885', '0.845191', '-0.345409', '1.497724', '?']|,2
164,|['1', '-0.362948', '-1.320339', '2.871917', '-2.414415', '-0.216239', '?']|,|['2', '0.25717', '0.749144', '1.935534', '0.403116', '-0.261486', '?']|,|['3', '0.674156', '0.171398', '1.49777', '-0.324638', '0.032498', '?']|,|['4', '-0.341077', '0.555523', '1.303567', '-0.167549', '1.121396', '?']|,|['5', '-0.8284', '2.110397', '1.49737', '0.984645', '-0.10747', '?']|,|['6', '-0.651267', '-0.054885', '0.845191', '-0.345409', '1.497724', '?']|,0
165,|['1', '-0.362948', '-1.320339', '2.871917', '-2.414415', '-0.216239', '?']|,|['2', '0.25717', '0.749144', '1.935534', '0.403116', '-0.261486', '?']|,|['3', '0.674156', '0.171398', '1.49777', '-0.324638', '0.032498', '?']|,|['4', '-0.341077', '0.555523', '1.303567', '-0.167549', '1.121396', '?']|,|['5', '-0.8284', '2.110397', '1.49737', '0.984645', '-0.10747', '?']|,|['6', '-0.651267', '-0.054885', '0.845191', '-0.345409', '1.497724', '?']|,2
166,|['1', '-0.362948', '-1.320339', '2.871917', '-2.414415', '-0.216239', '?']|,|['2', '0.25717', '0.749144', '1.935534', '0.403116', '-0.261486', '?']|,|['3', '0.674156', '0.171398', '1.49777', '-0.324638', '0.032498', '?']|,|['4', '-0.341077', '0.555523', '1.303567', '-0.167549', '1.121396', '?']|,|['5', '-0.8284', '2.110397', '1.49737', '0.984645', '-0.10747', '?']|,|['6', '-0.651267', '-0.054885', '0.845191', '-0.345409', '1.497724', '?']|,3
167,|['1', '-0.362948', '-1.320339', '2.871917', '-2.414415', '-0.216239', '?']|,|['2', '0.25717', '0.749144', '1.935534', '0.403116', '-0.261486', '?']|,|['3', '0.674156', '0.171398', '1.49777', '-0.324638', '0.032498', '?']|,|['4', '-0.341077', '0.555523', '1.303567', '-0.167549', '1.121396', '?']|,|['5', '-0.8284', '2.110397', '1.49737', '0.984645', '-0.10747', '?']|,|['6', '-0.651267', '-0.054885', '0.845191', '-0.345409', '1.497724', '?']|,2
168,|['1', '-0.362948', '-1.320339', '2.871917', '-2.414415', '-0.216239', '?']|,|['2', '0.25717', '0.749144', '1.935534', '0.403116', '-0.261486', '?']|,|['3', '0.674156', '0.171398', '1.49777', '-0.324638', '0.032498', '?']|,|['4', '-0.341077', '0.555523', '1.303567', '-0.167549', '1.121396', '?']|,|['5', '-0.8284', '2.110397', '1.49737', '0.984645', '-0.10747', '?']|,|['6', '-0.651267', '-0.054885', '0.845191', '-0.345409', '1.497724', '?']|,2
169,|['1', '-0.362948', '-1.320339', '2.871917', '-2.414415', '-0.216239', '?']|,|['2', '0.25717', '0.749144', '1.935534', '0.403116', '-0.261486', '?']|,|['3', '0.674156', '0.171398', '1.49777', '-0.324638', '0.032498', '?']|,|['4', '-0.341077', '0.555523', '1.303567', '-0.167549', '1.121396', '?']|,|['5', '-0.8284', '2.110397', '1.49737', '0.984645', '-0.10747', '?']|,|['6', '-0.651267', '-0.054885', '0.845191', '-0.345409', '1.497724', '?']|,2
170,|['1', '-0.362948', '-1.320339', '2.871917', '-2.414415', '-0.216239', '?']|,|['2', '0.25717', '0.749144', '1.935534', '0.403116', '-0.261486', '?']|,|['3', '0.674156', '0.171398', '1.49777', '-0.324638', '0.032498', '?']|,|['4', '-0.341077', '0.555523', '1.303567', '-0.167549', '1.121396', '?']|,|['5', '-0.8284', '2.110397', '1.49737', '0.984645', '-0.10747', '?']|,|['6', '-0.651267', '-0.054885', '0.845191', '-0.345409', '1.497724', '?']|,0
171,|['1', '-0.362948', '-1.320339', '2.871917', '-2.414415', '-0.216239', '?']|,|['2', '0.25717', '0.749144', '1.935534', '0.403116', '-0.261486', '?']|,|['3', '0.674156', '0.171398', '1.49777', '-0.324638', '0.032498', '?']|,|['4', '-0.341077', '0.555523', '1.303567', '-0.167549', '1.121396', '?']|,|['5', '-0.8284', '2.110397', '1.49737', '0.984645', '-0.10747', '?']|,|['6', '-0.651267', '-0.054885', '0.845191', '-0.345409', '1.497724', '?']|,3
172,|['1', '-0.362948', '-1.320339', '2.871917', '-2.414415', '-0.216239', '?']|,|['2', '0.25717', '0.749144', '1.935534', '0.403116', '-0.261486', '?']|,|['3', '0.674156', '0.171398', '1.49777', '-0.324638', '0.032498', '?']|,|['4', '-0.341077', '0.555523', '1.303567', '-0.167549', '1.121396', '?']|,|['5', '-0.8284', '2.110397', '1.49737', '0.984645', '-0.10747', '?']|,|['6', '-0.651267', '-0.054885', '0.845191', '-0.345409', '1.497724', '?']|,0
173,|['1', '-0.362948', '-1.320339', '2.871917', '-2.414415', '-0.216239', '?']|,|['2', '0.25717', '0.749144', '1.935534', '0.403116', '-0.261486', '?']|,|['3', '0.674156', '0.171398', '1.49777', '-0.324638', '0.032498', '?']|,|['4', '-0.341077', '0.555523', '1.303567', '-0.167549', '1.121396', '?']|,|['5', '-0.8284', '2.110397', '1.49737', '0.984645', '-0.10747', '?']|,|['6', '-0.651267', '-0.054885', '0.845191', '-0.345409', '1.497724', '?']|,2
174,|['1', '-0.362948', '-1.320339', '2.871917', '-2.414415', '-0.216239', '?']|,|['2', '0.25717', '0.749144', '1.935534', '0.403116', '-0.261486', '?']|,|['3', '0.674156', '0.171398', '1.49777', '-0.324638', '0.032498', '?']|,|['4', '-0.341077', '0.555523', '1.303567', '-0.167549', '1.121396', '?']|,|['5', '-0.8284', '2.110397', '1.49737', '0.984645', '-0.10747', '?']|,|['6', '-0.651267', '-0.054885', '0.845191', '-0.345409', '1.497724', '?']|,2
175,|['1', '-0.362948', '-1.320339', '2.871917', '-2.414415', '-0.216239', '?']|,|['2', '0.25717', '0.749144', '1.935534', '0.403116', '-0.261486', '?']|,|['3', '0.674156', '0.171398', '1.49777', '-0.324638', '0.032498', '?']|,|['4', '-0.341077', '0.555523', '1.303567', '-0.167549', '1.121396', '?']|,|['5', '-0.8284', '2.110397', '1.49737', '0.984645', '-0.10747', '?']|,|['6', '-0.651267', '-0.054885', '0.845191', '-0.345409', '1.497724', '?']|,2
176,|['1', '-0.362948', '-1.320339', '2.871917', '-2.414415', '-0.216239', '?']|,|['2', '0.25717', '0.749144', '1.935534', '0.403116', '-0.261486', '?']|,|['3', '0.674156', '0.171398', '1.49777', '-0.324638', '0.032498', '?']|,|['4', '-0.341077', '0.555523', '1.303567', '-0.167549', '1.121396', '?']|,|['5', '-0.8284', '2.110397', '1.49737', '0.984645', '-0.10747', '?']|,|['6', '-0.651267', '-0.054885', '0.845191', '-0.345409', '1.497724', '?']|,2
177,|['1', '-0.362948', '-1.320339', '2.871917', '-2.414415', '-0.216239', '?']|,|['2', '0.25717', '0.749144', '1.935534', '0.403116', '-0.261486', '?']|,|['3', '0.674156', '0.171398', '1.49777', '-0.324638', '0.032498', '?']|,|['4', '-0.341077', '0.555523', '1.303567', '-0.167549', '1.121396', '?']|,|['5', '-0.8284', '2.110397', '1.49737', '0.984645', '-0.10747', '?']|,|['6', '-0.651267', '-0.054885', '0.845191', '-0.345409', '1.497724', '?']|,2
178,|['1', '-0.362948', '-1.320339', '2.871917', '-2.414415', '-0.216239', '?']|,|['2', '0.25717', '0.749144', '1.935534', '0.403116', '-0.261486', '?']|,|['3', '0.674156', '0.171398', '1.49777', '-0.324638', '0.032498', '?']|,|['4', '-0.341077', '0.555523', '1.303567', '-0.167549', '1.121396', '?']|,|['5', '-0.8284', '2.110397', '1.49737', '0.984645', '-0.10747', '?']|,|['6', '-0.651267', '-0.054885', '0.845191', '-0.345409', '1.497724', '?']|,3
179,|['1', '-0.362948', '-1.320339', '2.871917', '-2.414415', '-0.216239', '?']|,|['2', '0.25717', '0.749144', '1.935534', '0.403116', '-0.261486', '?']|,|['3', '0.674156', '0.171398', '1.49777', '-0.324638', '0.032498', '?']|,|['4', '-0.341077', '0.555523', '1.303567', '-0.167549', '1.121396', '?']|,|['5', '-0.8284', '2.110397', '1.49737', '0.984645', '-0.10747', '?']|,|['6', '-0.651267', '-0.054885', '0.845191', '-0.345409', '1.497724', '?']|,3
180,|['1', '-0.362948', '-1.320339', '2.871917', '-2.414415', '-0.216239', '?']|,|['2', '0.25717', '0.749144', '1.935534', '0.403116', '-0.261486', '?']|,|['3', '0.674156', '0.171398', '1.49777', '-0.324638', '0.032498', '?']|,|['4', '-0.341077', '0.555523', '1.303567', '-0.167549', '1.121396', '?']|,|['5', '-0.8284', '2.110397', '1.49737', '0.984645', '-0.10747', '?']|,|['6', '-0.651267', '-0.054885', '0.845191', '-0.345409', '1.497724', '?']|,3
181,|['1', '-0.362948', '-1.320339', '2.871917', '-2.414415', '-0.216239', '?']|,|['2', '0.25717', '0.749144', '1.935534', '0.403116', '-0.261486', '?']|,|['3', '0.674156', '0.171398', '1.49777', '-0.324638', '0.032498', '?']|,|['4', '-0.341077', '0.555523', '1.303567', '-0.167549', '1.121396', '?']|,|['5', '-0.8284', '2.110397', '1.49737', '0.984645', '-0.10747', '?']|,|['6', '-0.651267', '-0.054885', '0.845191', '-0.345409', '1.497724', '?']|,3
182,|['1', '-0.362948', '-1.320339', '2.871917', '-2.414415', '-0.216239', '?']|,|['2', '0.25717', '0.749144', '1.935534', '0.403116', '-0.261486', '?']|,|['3', '0.674156', '0.171398', '1.49777', '-0.324638', '0.032498', '?']|,|['4', '-0.341077', '0.555523', '1.303567', '-0.167549', '1.121396', '?']|,|['5', '-0.8284', '2.110397', '1.49737', '0.984645', '-0.10747', '?']|,|['6', '-0.651267', '-0.054885', '0.845191', '-0.345409', '1.497724', '?']|,2
183,|['1', '-0.362948', '-1.320339', '2.871917', '-2.414415', '-0.216239', '?']|,|['2', '0.25717', '0.749144', '1.935534', '0.403116', '-0.261486', '?']|,|['3', '0.674156', '0.171398', '1.49777', '-0.324638', '0.032498', '?']|,|['4', '-0.341077', '0.555523', '1.303567', '-0.167549', '1.121396', '?']|,|['5', '-0.8284', '2.110397', '1.49737', '0.984645', '-0.10747', '?']|,|['6', '-0.651267', '-0.054885', '0.845191', '-0.345409', '1.497724', '?']|,2
184,|['1', '-0.362948', '-1.320339', '2.871917', '-2.414415', '-0.216239', '?']|,|['2', '0.25717', '0.749144', '1.935534', '0.403116', '-0.261486', '?']|,|['3', '0.674156', '0.171398', '1.49777', '-0.324638', '0.032498', '?']|,|['4', '-0.341077', '0.555523', '1.303567', '-0.167549', '1.121396', '?']|,|['5', '-0.8284', '2.110397', '1.49737', '0.984645', '-0.10747', '?']|,|['6', '-0.651267', '-0.054885', '0.845191', '-0.345409', '1.497724', '?']|,2
185,|['1', '-0.362948', '-1.320339', '2.871917', '-2.414415', '-0.216239', '?']|,|['2', '0.25717', '0.749144', '1.935534', '0.403116', '-0.261486', '?']|,|['3', '0.674156', '0.171398', '1.49777', '-0.324638', '0.032498', '?']|,|['4', '-0.341077', '0.555523', '1.303567', '-0.167549', '1.121396', '?']|,|['5', '-0.8284', '2.110397', '1.49737', '0.984645', '-0.10747', '?']|,|['6', '-0.651267', '-0.054885', '0.845191', '-0.345409', '1.497724', '?']|,0
186,|['1', '-0.362948', '-1.320339', '2.871917', '-2.414415', '-0.216239', '?']|,|['2', '0.25717', '0.749144', '1.935534', '0.403116', '-0.261486', '?']|,|['3', '0.674156', '0.171398', '1.49777', '-0.324638', '0.032498', '?']|,|['4', '-0.341077', '0.555523', '1.303567', '-0.167549', '1.121396', '?']|,|['5', '-0.8284', '2.110397', '1.49737', '0.984645', '-0.10747', '?']|,|['6', '-0.651267', '-0.054885', '0.845191', '-0.345409', '1.497724', '?']|,3
187,|['1', '-0.362948', '-1.320339', '2.871917', '-2.414415', '-0.216239', '?']|,|['2', '0.25717', '0.749144', '1.935534', '0.403116', '-0.261486', '?']|,|['3', '0.674156', '0.171398', '1.49777', '-0.324638', '0.032498', '?']|,|['4', '-0.341077', '0.555523', '1.303567', '-0.167549', '1.121396', '?']|,|['5', '-0.8284', '2.110397', '1.49737', '0.984645', '-0.10747', '?']|,|['6', '-0.651267', '-0.054885', '0.845191', '-0.345409', '1.497724', '?']|,2
188,|['1', '-0.362948', '-1.320339', '2.871917', '-2.414415', '-0.216239', '?']|,|['2', '0.25717', '0.749144', '1.935534', '0.403116', '-0.261486', '?']|,|['3', '0.674156', '0.171398', '1.49777', '-0.324638', '0.032498', '?']|,|['4', '-0.341077', '0.555523', '1.303567', '-0.167549', '1.121396', '?']|,|['5', '-0.8284', '2.110397', '1.49737', '0.984645', '-0.10747', '?']|,|['6', '-0.651267', '-0.054885', '0.845191', '-0.345409', '1.497724', '?']|,3
189,|['1', '-0.362948', '-1.320339', '2.871917', '-2.414415', '-0.216239', '?']|,|['2', '0.25717', '0.749144', '1.935534', '0.403116', '-0.261486', '?']|,|['3', '0.674156', '0.171398', '1.49777', '-0.324638', '0.032498', '?']|,|['4', '-0.341077', '0.555523', '1.303567', '-0.167549', '1.121396', '?']|,|['5', '-0.8284', '2.110397', '1.49737', '0.984645', '-0.10747', '?']|,|['6', '-0.651267', '-0.054885', '0.845191', '-0.345409', '1.497724', '?']|,3
190,|['1', '-0.362948', '-1.320339', '2.871917', '-2.414415', '-0.216239', '?']|,|['2', '0.25717', '0.749144', '1.935534', '0.403116', '-0.261486', '?']|,|['3', '0.674156', '0.171398', '1.49777', '-0.324638', '0.032498', '?']|,|['4', '-0.341077', '0.555523', '1.303567', '-0.167549', '1.121396', '?']|,|['5', '-0.8284', '2.110397', '1.49737', '0.984645', '-0.10747', '?']|,|['6', '-0.651267', '-0.054885', '0.845191', '-0.345409', '1.497724', '?']|,2
191,|['1', '-0.362948', '-1.320339', '2.871917', '-2.414415', '-0.216239', '?']|,|['2', '0.25717', '0.749144', '1.935534', '0.403116', '-0.261486', '?']|,|['3', '0.674156', '0.171398', '1.49777', '-0.324638', '0.032498', '?']|,|['4', '-0.341077', '0.555523', '1.303567', '-0.167549', '1.121396', '?']|,|['5', '-0.8284', '2.110397', '1.49737', '0.984645', '-0.10747', '?']|,|['6', '-0.651267', '-0.054885', '0.845191', '-0.345409', '1.497724', '?']|,3
192,|['1', '-0.362948', '-1.320339', '2.871917', '-2.414415', '-0.216239', '?']|,|['2', '0.25717', '0.749144', '1.935534', '0.403116', '-0.261486', '?']|,|['3', '0.674156', '0.171398', '1.49777', '-0.324638', '0.032498', '?']|,|['4', '-0.341077', '0.555523', '1.303567', '-0.167549', '1.121396', '?']|,|['5', '-0.8284', '2.110397', '1.49737', '0.984645', '-0.10747', '?']|,|['6', '-0.651267', '-0.054885', '0.845191', '-0.345409', '1.497724', '?']|,2
193,|['1', '-0.362948', '-1.320339', '2.871917', '-2.414415', '-0.216239', '?']|,|['2', '0.25717', '0.749144', '1.935534', '0.403116', '-0.261486', '?']|,|['3', '0.674156', '0.171398', '1.49777', '-0.324638', '0.032498', '?']|,|['4', '-0.341077', '0.555523', '1.303567', '-0.167549', '1.121396', '?']|,|['5', '-0.8284', '2.110397', '1.49737', '0.984645', '-0.10747', '?']|,|['6', '-0.651267', '-0.054885', '0.845191', '-0.345409', '1.497724', '?']|,3
194,|['1', '-0.362948', '-1.320339', '2.871917', '-2.414415', '-0.216239', '?']|,|['2', '0.25717', '0.749144', '1.935534', '0.403116', '-0.261486', '?']|,|['3', '0.674156', '0.171398', '1.49777', '-0.324638', '0.032498', '?']|,|['4', '-0.341077', '0.555523', '1.303567', '-0.167549', '1.121396', '?']|,|['5', '-0.8284', '2.110397', '1.49737', '0.984645', '-0.10747', '?']|,|['6', '-0.651267', '-0.054885', '0.845191', '-0.345409', '1.497724', '?']|,3
195,|['1', '-0.362948', '-1.320339', '2.871917', '-2.414415', '-0.216239', '?']|,|['2', '0.25717', '0.749144', '1.935534', '0.403116', '-0.261486', '?']|,|['3', '0.674156', '0.171398', '1.49777', '-0.324638', '0.032498', '?']|,|['4', '-0.341077', '0.555523', '1.303567', '-0.167549', '1.121396', '?']|,|['5', '-0.8284', '2.110397', '1.49737', '0.984645', '-0.10747', '?']|,|['6', '-0.651267', '-0.054885', '0.845191', '-0.345409', '1.497724', '?']|,3
196,|['1', '-0.362948', '-1.320339', '2.871917', '-2.414415', '-0.216239', '?']|,|['2', '0.25717', '0.749144', '1.935534', '0.403116', '-0.261486', '?']|,|['3', '0.674156', '0.171398', '1.49777', '-0.324638', '0.032498', '?']|,|['4', '-0.341077', '0.555523', '1.303567', '-0.167549', '1.121396', '?']|,|['5', '-0.8284', '2.110397', '1.49737', '0.984645', '-0.10747', '?']|,|['6', '-0.651267', '-0.054885', '0.845191', '-0.345409', '1.497724', '?']|,3
197,|['1', '-0.362948', '-1.320339', '2.871917', '-2.414415', '-0.216239', '?']|,|['2', '0.25717', '0.749144', '1.935534', '0.403116', '-0.261486', '?']|,|['3', '0.674156', '0.171398', '1.49777', '-0.324638', '0.032498', '?']|,|['4', '-0.341077', '0.555523', '1.303567', '-0.167549', '1.121396', '?']|,|['5', '-0.8284', '2.110397', '1.49737', '0.984645', '-0.10747', '?']|,|['6', '-0.651267', '-0.054885', '0.845191', '-0.345409', '1.497724', '?']|,3
198,|['1', '-0.362948', '-1.320339', '2.871917', '-2.414415', '-0.216239', '?']|,|['2', '0.25717', '0.749144', '1.935534', '0.403116', '-0.261486', '?']|,|['3', '0.674156', '0.171398', '1.49777', '-0.324638', '0.032498', '?']|,|['4', '-0.341077', '0.555523', '1.303567', '-0.167549', '1.121396', '?']|,|['5', '-0.8284', '2.110397', '1.49737', '0.984645', '-0.10747', '?']|,|['6', '-0.651267', '-0.054885', '0.845191', '-0.345409', '1.497724', '?']|,3
199,|['1', '-0.362948', '-1.320339', '2.871917', '-2.414415', '-0.216239', '?']|,|['2', '0.25717', '0.749144', '1.935534', '0.403116', '-0.261486', '?']|,|['3', '0.674156', '0.171398', '1.49777', '-0.324638', '0.032498', '?']|,|['4', '-0.341077', '0.555523', '1.303567', '-0.167549', '1.121396', '?']|,|['5', '-0.8284', '2.110397', '1.49737', '0.984645', '-0.10747', '?']|,|['6', '-0.651267', '-0.054885', '0.845191', '-0.345409', '1.497724', '?']|,3
